"ID","CRIM","ZN","INDUS","CHAS","NOX","RM","AGE","DIS","RAD","TAX","PT","B","LSTAT","MV","nodes","beta_(Intercept)","beta_B","beta_LSTAT"
1,0.00632,18,2.309999943,"no",0.537999988,43.23062249,65.19999695,4.090000153,1,296,15.30000019,396.8999939,1.605429895,24,8,48.734445269338,0.00357622007066964,-11.7095635771632
2,0.027310001,0,7.070000172,"no",0.469000012,41.22924105,78.90000153,4.967100143,2,242,17.79999924,396.8999939,2.212660423,21.60000038,8,48.734445269338,0.00357622007066964,-11.7095635771632
3,0.02729,0,7.070000172,"no",0.469000012,51.62422418,61.09999847,4.967100143,2,242,17.79999924,392.8299866,1.393766428,34.70000076,8,48.734445269338,0.00357622007066964,-11.7095635771632
4,0.032370001,0,2.180000067,"no",0.458000004,48.97200603,45.79999924,6.062200069,3,222,18.70000076,394.6300049,1.078409601,33.40000153,8,48.734445269338,0.00357622007066964,-11.7095635771632
5,0.069049999,0,2.180000067,"no",0.458000004,51.07960666,54.20000076,6.062200069,3,222,18.70000076,396.8999939,1.673351224,36.20000076,8,48.734445269338,0.00357622007066964,-11.7095635771632
6,0.029850001,0,2.180000067,"no",0.458000004,41.34489779,58.70000076,6.062200069,3,222,18.70000076,394.1199951,1.650579863,28.70000076,8,48.734445269338,0.00357622007066964,-11.7095635771632
7,0.088289998,12.5,7.869999886,"no",0.523999989,36.14414501,66.59999847,5.560500145,5,311,15.19999981,395.6000061,2.52011293,22.89999962,8,48.734445269338,0.00357622007066964,-11.7095635771632
8,0.144549996,12.5,7.869999886,"no",0.523999989,38.09358315,96.09999847,5.950500011,5,311,15.19999981,396.8999939,2.952302696,27.10000038,8,48.734445269338,0.00357622007066964,-11.7095635771632
9,0.211239994,12.5,7.869999886,"no",0.523999989,31.70816147,100,6.082099915,5,311,15.19999981,386.6300049,3.398861332,16.5,8,48.734445269338,0.00357622007066964,-11.7095635771632
10,0.170039997,12.5,7.869999886,"no",0.523999989,36.04801825,85.90000153,6.592100143,5,311,15.19999981,386.7099915,2.839078486,18.89999962,8,48.734445269338,0.00357622007066964,-11.7095635771632
11,0.224889994,12.5,7.869999886,"no",0.523999989,40.66612715,94.30000305,6.346700191,5,311,15.19999981,392.519989,3.01798292,15,8,48.734445269338,0.00357622007066964,-11.7095635771632
12,0.117470004,12.5,7.869999886,"no",0.523999989,36.1080789,82.90000153,6.226699829,5,311,15.19999981,396.8999939,2.585505883,18.89999962,8,48.734445269338,0.00357622007066964,-11.7095635771632
13,0.093780003,12.5,7.869999886,"no",0.523999989,34.68032028,39,5.450900078,5,311,15.19999981,390.5,2.754297455,21.70000076,8,48.734445269338,0.00357622007066964,-11.7095635771632
14,0.629760027,0,8.140000343,"no",0.537999988,35.3905996,61.79999924,4.707499981,4,307,21,396.8999939,2.111424615,20.39999962,8,48.734445269338,0.00357622007066964,-11.7095635771632
15,0.637960017,0,8.140000343,"no",0.537999988,37.16121838,84.5,4.461900234,4,307,21,380.019989,2.328252862,18.20000076,8,48.734445269338,0.00357622007066964,-11.7095635771632
16,0.627390027,0,8.140000343,"no",0.537999988,34.0355573,56.5,4.498600006,4,307,21,395.6199951,2.13653054,19.89999962,8,48.734445269338,0.00357622007066964,-11.7095635771632
17,1.053930044,0,8.140000343,"no",0.537999988,35.22422432,29.29999924,4.498600006,4,307,21,386.8500061,1.884034734,23.10000038,8,48.734445269338,0.00357622007066964,-11.7095635771632
18,0.784200013,0,8.140000343,"no",0.537999988,35.88009726,81.69999695,4.257900238,4,307,21,386.75,2.685804598,17.5,8,48.734445269338,0.00357622007066964,-11.7095635771632
19,0.802709997,0,8.140000343,"no",0.537999988,29.76793437,36.59999847,3.796499968,4,307,21,288.9899902,2.45873374,20.20000076,8,48.734445269338,0.00357622007066964,-11.7095635771632
20,0.725799978,0,8.140000343,"no",0.537999988,32.79853171,69.5,3.796499968,4,307,21,390.9500122,2.423031222,18.20000076,8,48.734445269338,0.00357622007066964,-11.7095635771632
21,1.251790047,0,8.140000343,"no",0.537999988,31.02490192,98.09999847,3.797899961,4,307,21,376.5700073,3.045474387,13.60000038,8,48.734445269338,0.00357622007066964,-11.7095635771632
22,0.852039993,0,8.140000343,"no",0.537999988,35.58122683,89.19999695,4.012300014,4,307,21,392.5299988,2.62684014,19.60000038,8,48.734445269338,0.00357622007066964,-11.7095635771632
23,1.232470036,0,8.140000343,"no",0.537999988,37.72416643,91.69999695,3.976900101,4,307,21,396.8999939,2.929592434,15.19999981,8,48.734445269338,0.00357622007066964,-11.7095635771632
24,0.988430023,0,8.140000343,"no",0.537999988,33.79097135,100,4.095200062,4,307,21,394.5400085,2.989714159,14.5,8,48.734445269338,0.00357622007066964,-11.7095635771632
25,0.750259995,0,8.140000343,"no",0.537999988,35.09377346,94.09999847,4.399600029,4,307,21,394.3299866,2.791165061,15.60000038,8,48.734445269338,0.00357622007066964,-11.7095635771632
26,0.840539992,0,8.140000343,"no",0.537999988,31.34880074,85.69999695,4.454599857,4,307,21,303.4200134,2.803966272,13.89999962,8,48.734445269338,0.00357622007066964,-11.7095635771632
27,0.671909988,0,8.140000343,"no",0.537999988,33.79097135,90.30000305,4.68200016,4,307,21,376.8800049,2.695302657,16.60000038,8,48.734445269338,0.00357622007066964,-11.7095635771632
28,0.955770016,0,8.140000343,"no",0.537999988,36.56620817,88.80000305,4.453400135,4,307,21,306.3800049,2.849549803,14.80000019,8,48.734445269338,0.00357622007066964,-11.7095635771632
29,0.772989988,0,8.140000343,"no",0.537999988,42.18502352,94.40000153,4.454699993,4,307,21,387.9400024,2.549445186,18.39999962,8,48.734445269338,0.00357622007066964,-11.7095635771632
30,1.002449989,0,8.140000343,"no",0.537999988,44.54227314,87.30000305,4.238999844,4,307,21,380.230011,2.483238554,21,8,48.734445269338,0.00357622007066964,-11.7095635771632
31,1.130810022,0,8.140000343,"no",0.537999988,32.63836695,94.09999847,4.232999802,4,307,21,360.1700134,3.117949923,12.69999981,8,48.734445269338,0.00357622007066964,-11.7095635771632
32,1.354719996,0,8.140000343,"no",0.537999988,36.86918433,100,4.175000191,4,307,21,376.730011,2.568021553,14.5,8,48.734445269338,0.00357622007066964,-11.7095635771632
33,1.387989998,0,8.140000343,"no",0.537999988,35.40249773,82,3.99000001,4,307,21,232.6000061,3.321793326,13.19999981,8,48.734445269338,0.00357622007066964,-11.7095635771632
34,1.151720047,0,8.140000343,"no",0.537999988,32.50140344,95,3.787199974,4,307,21,358.769989,2.909629595,13.10000038,8,48.734445269338,0.00357622007066964,-11.7095635771632
35,1.612820029,0,8.140000343,"no",0.537999988,37.16121838,96.90000153,3.759799957,4,307,21,248.3099976,3.012589398,13.5,8,48.734445269338,0.00357622007066964,-11.7095635771632
36,0.064170003,0,5.960000038,"no",0.499000013,35.20049004,68.19999695,3.360300064,5,279,19.20000076,396.8999939,2.270061933,18.89999962,8,48.734445269338,0.00357622007066964,-11.7095635771632
37,0.097439997,0,5.960000038,"no",0.499000013,34.11728193,61.40000153,3.377899885,5,279,19.20000076,377.5599976,2.434490151,20,8,48.734445269338,0.00357622007066964,-11.7095635771632
38,0.080140002,0,5.960000038,"no",0.499000013,34.22249889,41.5,3.934200048,5,279,19.20000076,396.8999939,2.171336859,21,8,48.734445269338,0.00357622007066964,-11.7095635771632
39,0.175050005,0,5.960000038,"no",0.499000013,35.59315695,30.20000076,3.847300053,5,279,19.20000076,393.4299927,2.315501329,24.70000076,8,48.734445269338,0.00357622007066964,-11.7095635771632
40,0.027629999,75,2.950000048,"no",0.428000003,43.49402223,21.79999924,5.401100159,3,252,18.29999924,395.6300049,1.463255442,30.79999924,8,48.734445269338,0.00357622007066964,-11.7095635771632
41,0.03359,75,2.950000048,"no",0.428000003,49.33657836,15.80000019,5.401100159,3,252,18.29999924,395.6199951,0.683096854,34.90000153,8,48.734445269338,0.00357622007066964,-11.7095635771632
42,0.127440006,0,6.909999847,"no",0.448000014,45.83289974,2.900000095,5.720900059,3,233,17.89999962,385.4100037,1.576914752,26.60000038,8,48.734445269338,0.00357622007066964,-11.7095635771632
43,0.141499996,0,6.909999847,"no",0.448000014,38.05656284,6.599999905,5.720900059,3,233,17.89999962,383.3699951,1.759580561,25.29999924,8,48.734445269338,0.00357622007066964,-11.7095635771632
44,0.159360006,0,6.909999847,"no",0.448000014,38.57652058,6.5,5.720900059,3,233,17.89999962,394.4599915,2.006870857,24.70000076,8,48.734445269338,0.00357622007066964,-11.7095635771632
45,0.12269,0,6.909999847,"no",0.448000014,36.83275817,40,5.720900059,3,233,17.89999962,389.3900146,2.256541174,21.20000076,8,48.734445269338,0.00357622007066964,-11.7095635771632
46,0.171419993,0,6.909999847,"no",0.448000014,32.28512582,33.79999924,5.100399971,3,233,17.89999962,396.8999939,2.323367636,19.29999924,8,48.734445269338,0.00357622007066964,-11.7095635771632
47,0.188360006,0,6.909999847,"no",0.448000014,33.4777934,33.29999924,5.100399971,3,233,17.89999962,396.8999939,2.649714597,20,8,48.734445269338,0.00357622007066964,-11.7095635771632
48,0.229269996,0,6.909999847,"no",0.448000014,36.36090253,85.5,5.689400196,3,233,17.89999962,392.7399902,2.933856829,16.60000038,8,48.734445269338,0.00357622007066964,-11.7095635771632
49,0.25387001,0,6.909999847,"no",0.448000014,29.14920281,95.30000305,5.869999886,3,233,17.89999962,396.8999939,3.427839295,14.39999962,8,48.734445269338,0.00357622007066964,-11.7095635771632
50,0.219769999,0,6.909999847,"no",0.448000014,31.38240666,62,6.08769989,3,233,17.89999962,396.8999939,2.785011289,19.39999962,8,48.734445269338,0.00357622007066964,-11.7095635771632
51,0.08873,21,5.639999866,"no",0.43900001,35.55736687,45.70000076,6.814700127,4,243,16.79999924,395.5599976,2.598979092,19.70000076,8,48.734445269338,0.00357622007066964,-11.7095635771632
52,0.043370001,21,5.639999866,"no",0.43900001,37.3932222,63,6.814700127,4,243,16.79999924,393.9700012,2.243896129,20.5,8,48.734445269338,0.00357622007066964,-11.7095635771632
53,0.053599998,21,5.639999866,"no",0.43900001,42.39312303,21.10000038,6.814700127,4,243,16.79999924,396.8999939,1.663926137,25,8,48.734445269338,0.00357622007066964,-11.7095635771632
54,0.04981,21,5.639999866,"no",0.43900001,35.97600574,21.39999962,6.814700127,4,243,16.79999924,396.8999939,2.131796808,23.39999962,8,48.734445269338,0.00357622007066964,-11.7095635771632
55,0.0136,75,4,"no",0.409999996,34.66854413,47.59999847,7.319699764,3,469,21.10000038,396.8999939,2.694627194,18.89999962,8,48.734445269338,0.00357622007066964,-11.7095635771632
56,0.01311,90,1.220000029,"no",0.402999997,52.54800204,21.89999962,8.69659996,5,226,17.89999962,395.9299927,1.570697072,35.40000153,8,48.734445269338,0.00357622007066964,-11.7095635771632
57,0.02055,85,0.74000001,"no",0.409999996,40.74268769,35.70000076,9.187600136,2,313,17.29999924,396.8999939,1.752672077,24.70000076,8,48.734445269338,0.00357622007066964,-11.7095635771632
58,0.01432,100,1.320000052,"no",0.411000013,46.4578558,40.5,8.324799538,5,256,15.10000038,392.8999939,1.373715591,31.60000038,8,48.734445269338,0.00357622007066964,-11.7095635771632
59,0.154449999,25,5.130000114,"no",0.453000009,37.76102477,29.20000076,7.814799786,8,284,19.70000076,390.6799927,1.925707461,23.29999924,8,48.734445269338,0.00357622007066964,-11.7095635771632
60,0.10328,25,5.130000114,"no",0.453000009,35.12932955,47.20000076,6.93200016,8,284,19.70000076,396.8999939,2.221375067,19.60000038,8,48.734445269338,0.00357622007066964,-11.7095635771632
61,0.149320006,25,5.130000114,"no",0.453000009,32.95908301,66.19999695,7.225399971,8,284,19.70000076,395.1099854,2.57642173,18.70000076,8,48.734445269338,0.00357622007066964,-11.7095635771632
62,0.171709999,25,5.130000114,"no",0.453000009,35.59315695,93.40000153,6.818500042,8,284,19.70000076,378.0799866,2.670002104,16,8,48.734445269338,0.00357622007066964,-11.7095635771632
63,0.110270001,25,5.130000114,"no",0.453000009,41.67993408,67.80000305,7.225500107,8,284,19.70000076,396.8999939,1.906575146,22.20000076,8,48.734445269338,0.00357622007066964,-11.7095635771632
64,0.126499996,25,5.130000114,"no",0.453000009,45.72464514,43.40000153,7.980899811,8,284,19.70000076,395.5799866,2.251291799,25,8,48.734445269338,0.00357622007066964,-11.7095635771632
65,0.019509999,17.5,1.379999995,"no",0.416099995,50.46681731,59.5,9.222900391,3,216,18.60000038,393.2399902,2.085672115,33,8,48.734445269338,0.00357622007066964,-11.7095635771632
66,0.035840001,80,3.369999886,"no",0.398000002,39.56409952,17.79999924,6.611499786,4,337,16.10000038,396.8999939,1.541159088,23.5,8,48.734445269338,0.00357622007066964,-11.7095635771632
67,0.043790001,80,3.369999886,"no",0.398000002,33.48937107,31.10000038,6.611499786,4,337,16.10000038,396.8999939,2.326301597,19.39999962,8,48.734445269338,0.00357622007066964,-11.7095635771632
68,0.057890002,12.5,6.070000172,"no",0.409000009,34.55088145,21.39999962,6.498000145,4,345,18.89999962,396.2099915,2.091864109,22,8,48.734445269338,0.00357622007066964,-11.7095635771632
69,0.135539994,12.5,6.070000172,"no",0.409000009,31.29283447,36.79999924,6.498000145,4,345,18.89999962,396.8999939,2.571848591,17.39999962,8,48.734445269338,0.00357622007066964,-11.7095635771632
70,0.12816,12.5,6.070000172,"no",0.409000009,34.6332277,33,6.498000145,4,345,18.89999962,396.8999939,2.173614707,20.89999962,8,48.734445269338,0.00357622007066964,-11.7095635771632
71,0.088260002,0,10.81000042,"no",0.412999988,41.17788665,6.599999905,5.28730011,4,305,19.20000076,383.730011,1.905088123,24.20000076,8,48.734445269338,0.00357622007066964,-11.7095635771632
72,0.158759996,0,10.81000042,"no",0.412999988,35.53352059,17.5,5.28730011,4,305,19.20000076,376.9400024,2.290512523,21.70000076,8,48.734445269338,0.00357622007066964,-11.7095635771632
73,0.091640003,0,10.81000042,"no",0.412999988,36.78422569,7.800000191,5.28730011,4,305,19.20000076,390.9100037,1.708377857,22.79999924,8,48.734445269338,0.00357622007066964,-11.7095635771632
74,0.195390001,0,10.81000042,"no",0.412999988,39.00002358,6.199999809,5.28730011,4,305,19.20000076,377.1700134,2.020222177,23.39999962,8,48.734445269338,0.00357622007066964,-11.7095635771632
75,0.078960001,0,12.82999992,"no",0.437000006,39.35052603,6,4.25150013,5,398,18.70000076,394.9200134,1.913977133,24.10000038,8,48.734445269338,0.00357622007066964,-11.7095635771632
76,0.095119998,0,12.82999992,"no",0.437000006,39.51379317,45,4.502600193,5,398,18.70000076,383.230011,2.190535542,21.39999962,8,48.734445269338,0.00357622007066964,-11.7095635771632
77,0.101530001,0,12.82999992,"no",0.437000006,39.42583855,74.5,4.052199841,5,398,18.70000076,373.6600037,2.482403542,20,8,48.734445269338,0.00357622007066964,-11.7095635771632
78,0.087070003,0,12.82999992,"no",0.437000006,37.69959835,45.79999924,4.090499878,5,398,18.70000076,386.9599915,2.329227069,20.79999924,8,48.734445269338,0.00357622007066964,-11.7095635771632
79,0.056460001,0,12.82999992,"no",0.437000006,38.83782243,53.70000076,5.014100075,5,398,18.70000076,386.3999939,2.512846031,21.20000076,8,48.734445269338,0.00357622007066964,-11.7095635771632
80,0.083870001,0,12.82999992,"no",0.437000006,34.50387685,36.59999847,4.502600193,5,398,18.70000076,396.0599976,2.208274455,20.29999924,8,48.734445269338,0.00357622007066964,-11.7095635771632
81,0.041129999,25,4.860000134,"no",0.425999999,45.25253219,33.5,5.400700092,4,281,19,396.8999939,1.665818239,28,8,48.734445269338,0.00357622007066964,-11.7095635771632
82,0.04462,25,4.860000134,"no",0.425999999,43.81116044,70.40000153,5.400700092,4,281,19,395.6300049,1.976854924,23.89999962,8,48.734445269338,0.00357622007066964,-11.7095635771632
83,0.036589999,25,4.860000134,"no",0.425999999,39.71520458,32.20000076,5.400700092,4,281,19,396.8999939,1.905088123,24.79999924,8,48.734445269338,0.00357622007066964,-11.7095635771632
84,0.03551,25,4.860000134,"no",0.425999999,38.03188674,46.70000076,5.400700092,4,281,19,390.6400146,2.016235496,22.89999962,8,48.734445269338,0.00357622007066964,-11.7095635771632
85,0.050590001,0,4.489999771,"no",0.449000001,40.81932022,48,4.779399872,3,247,18.5,396.8999939,2.263844253,23.89999962,8,48.734445269338,0.00357622007066964,-11.7095635771632
86,0.057349999,0,4.489999771,"no",0.449000001,43.95690151,56.09999847,4.437699795,3,247,18.5,392.2999878,1.876406975,26.60000038,8,48.734445269338,0.00357622007066964,-11.7095635771632
87,0.051879998,0,4.489999771,"no",0.449000001,36.18022339,45.09999847,4.427199841,3,247,18.5,395.9899902,2.554121692,22.5,8,48.734445269338,0.00357622007066964,-11.7095635771632
88,0.071510002,0,4.489999771,"no",0.449000001,37.46663871,56.79999924,3.747600079,3,247,18.5,395.1499939,2.132982259,22.20000076,8,48.734445269338,0.00357622007066964,-11.7095635771632
89,0.056600001,0,3.410000086,"no",0.488999993,49.09804857,86.30000305,3.421700001,2,270,17.79999924,396.8999939,1.704748092,23.60000038,8,48.734445269338,0.00357622007066964,-11.7095635771632
90,0.05302,0,3.410000086,"no",0.488999993,50.11224094,63.09999847,3.414499998,2,270,17.79999924,396.0599976,1.740466141,28.70000076,8,48.734445269338,0.00357622007066964,-11.7095635771632
91,0.046840001,0,3.410000086,"no",0.488999993,41.17788665,66.09999847,3.092299938,2,270,17.79999924,392.1799927,2.175887488,22.60000038,8,48.734445269338,0.00357622007066964,-11.7095635771632
92,0.03932,0,3.410000086,"no",0.488999993,41.02402769,73.90000153,3.092099905,2,270,17.79999924,393.5499878,2.104134131,22,8,48.734445269338,0.00357622007066964,-11.7095635771632
93,0.042029999,28,15.03999996,"no",0.463999987,41.49936287,53.59999847,3.665899992,4,270,18.20000076,395.0100098,2.09924415,22.89999962,8,48.734445269338,0.00357622007066964,-11.7095635771632
94,0.028750001,28,15.03999996,"no",0.463999987,38.57652058,28.89999962,3.665899992,4,270,18.20000076,396.3299866,1.826160902,25,8,48.734445269338,0.00357622007066964,-11.7095635771632
95,0.042939998,28,15.03999996,"no",0.463999987,39.0500019,77.30000305,3.61500001,4,270,18.20000076,396.8999939,2.359910174,20.60000038,8,48.734445269338,0.00357622007066964,-11.7095635771632
96,0.122040004,0,2.890000105,"no",0.444999993,43.890625,57.79999924,3.495199919,2,276,18,357.980011,1.894616869,28.39999962,8,48.734445269338,0.00357622007066964,-11.7095635771632
97,0.115039997,0,2.890000105,"no",0.444999993,37.98257032,69.59999847,3.495199919,2,276,18,391.8299866,2.428336312,21.39999962,8,48.734445269338,0.00357622007066964,-11.7095635771632
98,0.120829999,0,2.890000105,"no",0.444999993,65.10876494,76,3.495199919,2,276,18,396.8999939,1.437462657,38.70000076,8,48.734445269338,0.00357622007066964,-11.7095635771632
99,0.081869997,0,2.890000105,"no",0.444999993,61.15240269,36.90000153,3.495199919,2,276,18,393.5299988,1.272565577,43.79999924,8,48.734445269338,0.00357622007066964,-11.7095635771632
100,0.068599999,0,2.890000105,"no",0.444999993,54.99705435,62.5,3.495199919,2,276,18,396.8999939,1.822935096,33.20000076,8,48.734445269338,0.00357622007066964,-11.7095635771632
101,0.148660004,0,8.56000042,"no",0.519999981,45.25253219,79.90000153,2.777800083,5,384,20.89999962,394.7600098,2.242835097,27.5,8,48.734445269338,0.00357622007066964,-11.7095635771632
102,0.114320002,0,8.56000042,"no",0.519999981,45.98196286,71.30000305,2.856100082,5,384,20.89999962,395.5799866,2.037316625,26.5,8,48.734445269338,0.00357622007066964,-11.7095635771632
103,0.228760004,0,8.56000042,"no",0.519999981,41.02402769,85.40000153,2.714699984,5,384,20.89999962,70.80000305,2.363680203,18.60000038,8,48.734445269338,0.00357622007066964,-11.7095635771632
104,0.211610004,0,8.56000042,"no",0.519999981,37.66277003,87.40000153,2.714699984,5,384,20.89999962,394.4700012,2.598235304,19.29999924,8,48.734445269338,0.00357622007066964,-11.7095635771632
105,0.139599994,0,8.56000042,"no",0.519999981,38.03188674,90,2.421000004,5,384,20.89999962,392.6900024,2.512035311,20.10000038,8,48.734445269338,0.00357622007066964,-11.7095635771632
106,0.132620007,0,8.56000042,"no",0.519999981,34.23419903,96.69999695,2.106899977,5,384,20.89999962,394.0499878,2.801540502,19.5,8,48.734445269338,0.00357622007066964,-11.7095635771632
107,0.171200007,0,8.56000042,"no",0.519999981,34.0588956,91.90000153,2.210999966,5,384,20.89999962,395.6700134,2.926382187,19.5,8,48.734445269338,0.00357622007066964,-11.7095635771632
108,0.131170005,0,8.56000042,"no",0.519999981,37.54012722,85.19999695,2.122400045,5,384,20.89999962,387.6900024,2.645465337,20.39999962,8,48.734445269338,0.00357622007066964,-11.7095635771632
109,0.128020003,0,8.56000042,"no",0.519999981,41.9126757,97.09999847,2.432899952,5,384,20.89999962,395.2399902,2.507157296,19.79999924,8,48.734445269338,0.00357622007066964,-11.7095635771632
110,0.263630003,0,8.56000042,"no",0.519999981,38.80044215,91.19999695,2.545099974,5,384,20.89999962,391.230011,2.744060651,19.39999962,8,48.734445269338,0.00357622007066964,-11.7095635771632
111,0.107929997,0,8.56000042,"no",0.519999981,38.37802713,54.40000153,2.777800083,5,384,20.89999962,393.4899902,2.564949357,21.70000076,8,48.734445269338,0.00357622007066964,-11.7095635771632
112,0.100840002,0,10.01000023,"no",0.546999991,45.09122705,81.59999847,2.67750001,6,432,17.79999924,395.5899963,2.318458427,22.79999924,8,48.734445269338,0.00357622007066964,-11.7095635771632
113,0.123290002,0,10.01000023,"no",0.546999991,34.96357027,92.90000153,2.353399992,6,432,17.79999924,394.9500122,2.785628279,18.79999924,8,48.734445269338,0.00357622007066964,-11.7095635771632
114,0.222120002,0,10.01000023,"no",0.546999991,37.1124641,95.40000153,2.548000097,6,432,17.79999924,396.8999939,2.838493506,18.70000076,8,48.734445269338,0.00357622007066964,-11.7095635771632
115,0.142309994,0,10.01000023,"no",0.546999991,39.11251834,84.19999695,2.256500006,6,432,17.79999924,388.7399902,2.34660196,18.5,8,48.734445269338,0.00357622007066964,-11.7095635771632
116,0.171340004,0,10.01000023,"no",0.546999991,35.14118368,88.19999695,2.463099957,6,432,17.79999924,344.9100037,2.757475099,18.29999924,8,48.734445269338,0.00357622007066964,-11.7095635771632
117,0.131579995,0,10.01000023,"no",0.546999991,38.14297746,72.5,2.730099916,6,432,17.79999924,393.2999878,2.488234437,21.20000076,8,48.734445269338,0.00357622007066964,-11.7095635771632
118,0.150979996,0,10.01000023,"no",0.546999991,36.25243989,82.59999847,2.747400045,6,432,17.79999924,394.5100098,2.332143914,19.20000076,8,48.734445269338,0.00357622007066964,-11.7095635771632
119,0.130579993,0,10.01000023,"no",0.546999991,34.48038655,73.09999847,2.477499962,6,432,17.79999924,338.6300049,2.73241755,20.39999962,8,48.734445269338,0.00357622007066964,-11.7095635771632
120,0.144759998,0,10.01000023,"no",0.546999991,32.84436039,65.19999695,2.759200096,6,432,17.79999924,391.5,2.610804792,19.29999924,8,48.734445269338,0.00357622007066964,-11.7095635771632
121,0.06899,0,25.64999962,"no",0.58099997,34.45689866,69.69999695,2.257699966,2,188,19.10000038,389.1499939,2.665142692,22,8,48.734445269338,0.00357622007066964,-11.7095635771632
122,0.071649998,0,25.64999962,"no",0.58099997,36.04801825,84.09999847,2.197400093,2,188,19.10000038,377.6700134,2.658159464,20.29999924,8,48.734445269338,0.00357622007066964,-11.7095635771632
123,0.092990004,0,25.64999962,"no",0.58099997,35.53352059,92.90000153,2.086899996,2,188,19.10000038,378.0899963,2.886475305,20.5,8,48.734445269338,0.00357622007066964,-11.7095635771632
124,0.15038,0,25.64999962,"no",0.58099997,34.29273538,97,1.944399953,2,188,19.10000038,370.3099976,3.235142791,17.29999924,8,48.734445269338,0.00357622007066964,-11.7095635771632
125,0.09849,0,25.64999962,"no",0.58099997,34.5626432,95.80000305,2.006299973,2,188,19.10000038,379.3800049,2.866761888,18.79999924,8,48.734445269338,0.00357622007066964,-11.7095635771632
126,0.169019997,0,25.64999962,"no",0.58099997,35.83219673,88.40000153,1.992900014,2,188,19.10000038,385.019989,2.695302657,21.39999962,8,48.734445269338,0.00357622007066964,-11.7095635771632
127,0.387349993,0,25.64999962,"no",0.58099997,31.50576806,95.59999847,1.757200003,2,188,19.10000038,359.2900085,3.305420435,15.69999981,8,48.734445269338,0.00357622007066964,-11.7095635771632
128,0.259149998,0,21.88999939,"no",0.624000013,32.41024718,96,1.788300037,4,437,21.20000076,392.1099854,2.84432785,16.20000076,8,48.734445269338,0.00357622007066964,-11.7095635771632
129,0.325430006,0,21.88999939,"no",0.624000013,41.357764,98.80000305,1.8125,4,437,21.20000076,396.8999939,2.73371797,18,8,48.734445269338,0.00357622007066964,-11.7095635771632
130,0.881250024,0,21.88999939,"no",0.624000013,31.77576995,94.69999695,1.979900002,4,437,21.20000076,396.8999939,2.909084475,14.30000019,8,48.734445269338,0.00357622007066964,-11.7095635771632
131,0.340059996,0,21.88999939,"no",0.624000013,41.70576636,98.90000153,2.118499994,4,437,21.20000076,395.0400085,2.533696844,19.20000076,8,48.734445269338,0.00357622007066964,-11.7095635771632
132,1.192939997,0,21.88999939,"no",0.624000013,40.01827871,97.69999695,2.270999908,4,437,21.20000076,396.8999939,2.506341949,19.60000038,8,48.734445269338,0.00357622007066964,-11.7095635771632
133,0.590049982,0,21.88999939,"no",0.624000013,40.60238677,97.90000153,2.327399969,4,437,21.20000076,385.7600098,2.408745279,23,8,48.734445269338,0.00357622007066964,-11.7095635771632
134,0.329820007,0,21.88999939,"no",0.624000013,33.89568431,95.40000153,2.469899893,4,437,21.20000076,388.6900024,2.710048186,18.39999962,8,48.734445269338,0.00357622007066964,-11.7095635771632
135,0.976170003,0,21.88999939,"no",0.624000013,33.14304864,98.40000153,2.345999956,4,437,21.20000076,262.7600098,2.851284339,15.60000038,8,48.734445269338,0.00357622007066964,-11.7095635771632
136,0.557780027,0,21.88999939,"no",0.624000013,40.13222548,98.19999695,2.110699892,4,437,21.20000076,394.6700134,2.830857576,18.10000038,8,48.734445269338,0.00357622007066964,-11.7095635771632
137,0.322640002,0,21.88999939,"no",0.624000013,35.30736295,93.5,1.966899991,4,437,21.20000076,378.25,2.827313599,17.39999962,8,48.734445269338,0.00357622007066964,-11.7095635771632
138,0.352329999,0,21.88999939,"no",0.624000013,41.65411595,98.40000153,1.849799991,4,437,21.20000076,394.0799866,2.680336373,17.10000038,8,48.734445269338,0.00357622007066964,-11.7095635771632
139,0.249799997,0,21.88999939,"no",0.624000013,34.30444752,98.19999695,1.668599963,4,437,21.20000076,392.0400085,3.059645585,13.30000019,8,48.734445269338,0.00357622007066964,-11.7095635771632
140,0.54452002,0,21.88999939,"no",0.624000013,37.83480128,97.90000153,1.66869998,4,437,21.20000076,396.8999939,2.915606179,17.79999924,8,48.734445269338,0.00357622007066964,-11.7095635771632
141,0.290899992,0,21.88999939,"no",0.624000013,38.11827336,93.59999847,1.611899972,4,437,21.20000076,388.0799866,3.184698367,14,8,48.734445269338,0.00357622007066964,-11.7095635771632
142,1.628640056,0,21.88999939,"no",0.624000013,25.19036153,100,1.439399958,4,437,21.20000076,396.8999939,3.538347215,14.39999962,8,48.734445269338,0.00357622007066964,-11.7095635771632
143,3.321049929,0,19.57999992,"yes",0.870999992,29.19240768,100,1.32159996,5,403,14.69999981,396.8999939,3.289147866,13.39999962,9,49.0822866684221,0.023829293278883,-13.5011663206242
144,4.097400188,0,19.57999992,"no",0.870999992,29.89902329,100,1.411800027,5,403,14.69999981,396.8999939,3.274121302,15.60000038,8,48.734445269338,0.00357622007066964,-11.7095635771632
145,2.779740095,0,19.57999992,"no",0.870999992,24.0394078,97.80000305,1.345900059,5,403,14.69999981,396.8999939,3.377246192,11.80000019,8,48.734445269338,0.00357622007066964,-11.7095635771632
146,2.379339933,0,19.57999992,"no",0.870999992,37.5769014,100,1.419100046,5,403,14.69999981,172.9100037,3.325035993,13.80000019,8,48.734445269338,0.00357622007066964,-11.7095635771632
147,2.155050039,0,19.57999992,"no",0.870999992,31.67438156,100,1.516600013,5,403,14.69999981,169.2700043,2.812410194,15.60000038,8,48.734445269338,0.00357622007066964,-11.7095635771632
148,2.368619919,0,19.57999992,"no",0.870999992,24.26547716,95.69999695,1.460800052,5,403,14.69999981,391.7099915,3.385406719,14.60000038,8,48.734445269338,0.00357622007066964,-11.7095635771632
149,2.330990076,0,19.57999992,"no",0.870999992,26.89459465,93.80000305,1.529600024,5,403,14.69999981,356.9899902,3.343568258,17.79999924,8,48.734445269338,0.00357622007066964,-11.7095635771632
150,2.733969927,0,19.57999992,"no",0.870999992,31.32641037,94.90000153,1.525699973,5,403,14.69999981,351.8500061,3.065724681,15.39999962,8,48.734445269338,0.00357622007066964,-11.7095635771632
151,1.656599998,0,19.57999992,"no",0.870999992,37.47888666,97.30000305,1.618000031,5,403,14.69999981,372.7999878,2.646174824,21.5,8,48.734445269338,0.00357622007066964,-11.7095635771632
152,1.496320009,0,19.57999992,"no",0.870999992,29.20321389,100,1.591599941,5,403,14.69999981,341.6000061,2.586259124,19.60000038,8,48.734445269338,0.00357622007066964,-11.7095635771632
153,1.12658,0,19.57999992,"yes",0.870999992,25.12014484,88,1.610200047,5,403,14.69999981,343.2799988,2.494856972,15.30000019,9,49.0822866684221,0.023829293278883,-13.5011663206242
154,2.149179935,0,19.57999992,"no",0.870999992,32.59268227,98.5,1.623200059,5,403,14.69999981,261.9500122,2.759376826,19.39999962,8,48.734445269338,0.00357622007066964,-11.7095635771632
155,1.41384995,0,19.57999992,"yes",0.870999992,37.56464329,96,1.74940002,5,403,14.69999981,321.019989,2.716018363,17,9,49.0822866684221,0.023829293278883,-13.5011663206242
156,3.535010099,0,19.57999992,"yes",0.870999992,37.84710338,82.59999847,1.745499969,5,403,14.69999981,88.01000214,2.709382677,15.60000038,9,49.0822866684221,0.023829293278883,-13.5011663206242
157,2.446680069,0,19.57999992,"no",0.870999992,27.79398227,94,1.736400008,5,403,14.69999981,88.62999725,2.781300625,13.10000038,8,48.734445269338,0.00357622007066964,-11.7095635771632
158,1.223580003,0,19.57999992,"no",0.605000019,48.20524678,97.40000153,1.877300024,5,403,14.69999981,363.4299927,1.523880057,41.29999924,8,48.734445269338,0.00357622007066964,-11.7095635771632
159,1.342839956,0,19.57999992,"no",0.605000019,36.79635582,100,1.757300019,5,403,14.69999981,353.8900146,1.860974511,24.29999924,8,48.734445269338,0.00357622007066964,-11.7095635771632
160,1.425019979,0,19.57999992,"no",0.870999992,42.38010298,100,1.765900016,5,403,14.69999981,364.3099976,2.000127717,23.29999924,8,48.734445269338,0.00357622007066964,-11.7095635771632
161,1.273460031,0,19.57999992,"yes",0.605000019,39.0625,92.59999847,1.798400044,5,403,14.69999981,338.9200134,1.704748092,27,9,49.0822866684221,0.023829293278883,-13.5011663206242
162,1.463359952,0,19.57999992,"no",0.605000019,56.08511866,90.80000305,1.970900059,5,403,14.69999981,374.4299927,0.548121419,50,8,48.734445269338,0.00357622007066964,-11.7095635771632
163,1.833770037,0,19.57999992,"yes",0.605000019,60.87120472,98.19999695,2.040699959,5,403,14.69999981,389.6099854,0.652325164,50,9,49.0822866684221,0.023829293278883,-13.5011663206242
164,1.519019961,0,19.57999992,"yes",0.605000019,70.140625,93.90000153,2.161999941,5,403,14.69999981,388.4500122,1.199964763,50,9,49.0822866684221,0.023829293278883,-13.5011663206242
165,2.242360115,0,19.57999992,"no",0.605000019,34.26931708,91.80000305,2.421999931,5,403,14.69999981,395.1099854,2.454447472,22.70000076,8,48.734445269338,0.00357622007066964,-11.7095635771632
166,2.924000025,0,19.57999992,"no",0.605000019,37.22219895,93,2.283400059,5,403,14.69999981,240.1600037,2.283402316,25,8,48.734445269338,0.00357622007066964,-11.7095635771632
167,2.01019001,0,19.57999992,"no",0.605000019,62.86903943,96.19999695,2.045900106,5,403,14.69999981,369.2999878,1.308332833,50,8,48.734445269338,0.00357622007066964,-11.7095635771632
168,1.800279975,0,19.57999992,"no",0.605000019,34.5391273,79.19999695,2.425899982,5,403,14.69999981,227.6100006,2.496505814,23.79999924,8,48.734445269338,0.00357622007066964,-11.7095635771632
169,2.300400019,0,19.57999992,"no",0.605000019,39.92975806,96.09999847,2.099999905,5,403,14.69999981,297.0899963,2.406945143,23.79999924,8,48.734445269338,0.00357622007066964,-11.7095635771632
170,2.449529886,0,19.57999992,"no",0.605000019,40.98560336,95.19999695,2.262500048,5,403,14.69999981,330.0400085,2.426571045,22.29999924,8,48.734445269338,0.00357622007066964,-11.7095635771632
171,1.207419991,0,19.57999992,"no",0.605000019,34.515625,94.59999847,2.425899982,5,403,14.69999981,292.2900085,2.669309394,17.39999962,8,48.734445269338,0.00357622007066964,-11.7095635771632
172,2.313899994,0,19.57999992,"no",0.605000019,34.57440134,97.30000305,2.388700008,5,403,14.69999981,348.1300049,2.487403508,19.10000038,8,48.734445269338,0.00357622007066964,-11.7095635771632
173,0.139139995,0,4.050000191,"no",0.50999999,31.0471843,88.5,2.596100092,5,296,16.60000038,396.8999939,2.687166962,23.10000038,8,48.734445269338,0.00357622007066964,-11.7095635771632
174,0.091779999,0,4.050000191,"no",0.50999999,41.16505458,84.09999847,2.646300077,5,296,16.60000038,395.5,2.20165917,23.60000038,8,48.734445269338,0.00357622007066964,-11.7095635771632
175,0.084469996,0,4.050000191,"no",0.50999999,34.32788341,68.69999695,2.701900005,5,296,16.60000038,393.230011,2.265921144,22.60000038,8,48.734445269338,0.00357622007066964,-11.7095635771632
176,0.066639997,0,4.050000191,"no",0.50999999,42.85011605,33.09999847,3.1322999,5,296,16.60000038,390.9599915,1.673351224,29.39999962,8,48.734445269338,0.00357622007066964,-11.7095635771632
177,0.070220001,0,4.050000191,"no",0.50999999,36.24039977,47.20000076,3.554899931,5,296,16.60000038,393.230011,2.313524999,23.20000076,8,48.734445269338,0.00357622007066964,-11.7095635771632
178,0.054249998,0,4.050000191,"no",0.50999999,39.87922572,73.40000153,3.317500114,5,296,16.60000038,395.6000061,1.838961065,24.60000038,8,48.734445269338,0.00357622007066964,-11.7095635771632
179,0.066419996,0,4.050000191,"no",0.50999999,47.05960184,74.40000153,2.915299892,5,296,16.60000038,391.269989,1.934415781,29.89999962,8,48.734445269338,0.00357622007066964,-11.7095635771632
180,0.057799999,0,2.460000038,"no",0.488000005,48.72040027,58.40000153,2.828999996,3,193,17.79999924,396.8999939,1.617406075,37.20000076,8,48.734445269338,0.00357622007066964,-11.7095635771632
181,0.065880001,0,2.460000038,"no",0.488000005,60.29522292,83.30000305,2.740999937,3,193,17.79999924,395.5599976,2.022871183,39.79999924,8,48.734445269338,0.00357622007066964,-11.7095635771632
182,0.068879999,0,2.460000038,"no",0.488000005,37.74873665,62.20000076,2.597899914,3,193,17.79999924,396.8999939,2.246014721,36.20000076,8,48.734445269338,0.00357622007066964,-11.7095635771632
183,0.091030002,0,2.460000038,"no",0.488000005,51.19402801,92.19999695,2.700599909,3,193,17.79999924,394.1199951,1.572773964,37.90000153,8,48.734445269338,0.00357622007066964,-11.7095635771632
184,0.100079998,0,2.460000038,"no",0.488000005,43.07297165,95.59999847,2.846999884,3,193,17.79999924,396.8999939,1.736951202,32.5,8,48.734445269338,0.00357622007066964,-11.7095635771632
185,0.083080001,0,2.460000038,"no",0.488000005,31.40481703,89.80000305,2.987900019,3,193,17.79999924,391,2.637627704,26.39999962,8,48.734445269338,0.00357622007066964,-11.7095635771632
186,0.06047,0,2.460000038,"no",0.488000005,37.8594075,68.80000305,3.279700041,3,193,17.79999924,387.1099854,2.57642173,29.60000038,8,48.734445269338,0.00357622007066964,-11.7095635771632
187,0.056019999,0,2.460000038,"no",0.488000005,61.32455867,53.59999847,3.199199915,3,193,17.79999924,392.6300049,1.492904053,50,8,48.734445269338,0.00357622007066964,-11.7095635771632
188,0.078749999,45,3.440000057,"no",0.437000006,45.99552488,41.09999847,3.788599968,5,398,15.19999981,393.8699951,1.899117962,32,8,48.734445269338,0.00357622007066964,-11.7095635771632
189,0.12579,45,3.440000057,"no",0.437000006,42.98113906,29.10000038,4.566699982,5,398,15.19999981,382.8399963,1.517322611,29.79999924,8,48.734445269338,0.00357622007066964,-11.7095635771632
190,0.083700001,45,3.440000057,"no",0.437000006,51.62422418,38.90000153,4.566699982,5,398,15.19999981,396.8999939,1.68454536,34.90000153,8,48.734445269338,0.00357622007066964,-11.7095635771632
191,0.090680003,45,3.440000057,"no",0.437000006,48.31640398,21.5,6.479800224,5,398,15.19999981,377.6799927,1.629240521,37,8,48.734445269338,0.00357622007066964,-11.7095635771632
192,0.069109999,45,3.440000057,"no",0.437000006,45.4141189,30.79999924,6.479800224,5,398,15.19999981,389.7099915,1.545432595,30.5,8,48.734445269338,0.00357622007066964,-11.7095635771632
193,0.08664,45,3.440000057,"no",0.437000006,51.52368361,26.29999924,6.479800224,5,398,15.19999981,390.4899902,1.05431199,36.40000153,8,48.734445269338,0.00357622007066964,-11.7095635771632
194,0.02187,60,2.930000067,"no",0.400999993,46.2400026,9.899999619,6.219600201,1,265,15.60000038,393.3699951,1.615420026,31.10000038,8,48.734445269338,0.00357622007066964,-11.7095635771632
195,0.01439,60,2.930000067,"no",0.400999993,43.61281722,18.79999924,6.219600201,1,265,15.60000038,376.7000122,1.47704875,29.10000038,8,48.734445269338,0.00357622007066964,-11.7095635771632
196,0.01381,80,0.460000008,"no",0.421999991,62.015625,32,5.64839983,4,255,14.39999962,394.230011,1.088561963,50,8,48.734445269338,0.00357622007066964,-11.7095635771632
197,0.040109999,80,1.519999981,"no",0.404000014,53.10037161,34.09999847,7.309000015,2,329,12.60000038,396.8999939,1.40609697,33.29999924,8,48.734445269338,0.00357622007066964,-11.7095635771632
198,0.046659999,80,1.519999981,"no",0.404000014,50.50944721,36.59999847,7.309000015,2,329,12.60000038,354.3099976,2.152924279,30.29999924,8,48.734445269338,0.00357622007066964,-11.7095635771632
199,0.03768,80,1.519999981,"no",0.404000014,52.91107844,38.29999924,7.309000015,2,329,12.60000038,392.2000122,1.890095353,34.59999847,8,48.734445269338,0.00357622007066964,-11.7095635771632
200,0.031500001,95,1.470000029,"no",0.402999997,48.65062367,15.30000019,7.653399944,3,402,17,396.8999939,1.517322611,34.90000153,8,48.734445269338,0.00357622007066964,-11.7095635771632
201,0.01778,95,1.470000029,"no",0.402999997,50.90822827,13.89999962,7.653399944,3,402,17,384.2999878,1.492904053,32.90000153,8,48.734445269338,0.00357622007066964,-11.7095635771632
202,0.034449998,82.5,2.029999971,"no",0.414999992,37.97024621,38.40000153,6.269999981,2,348,14.69999981,393.769989,2.005525836,24.10000038,8,48.734445269338,0.00357622007066964,-11.7095635771632
203,0.02177,82.5,2.029999971,"no",0.414999992,57.91210204,15.69999981,6.269999981,2,348,14.69999981,395.3800049,1.134622692,42.29999924,8,48.734445269338,0.00357622007066964,-11.7095635771632
204,0.035100002,95,2.680000067,"no",0.416099995,61.66961158,33.20000076,5.118000031,4,224,14.69999981,392.7799988,1.337629174,48.5,8,48.734445269338,0.00357622007066964,-11.7095635771632
205,0.020090001,95,2.680000067,"no",0.416099995,64.54516238,31.89999962,5.118000031,4,224,14.69999981,390.5499878,1.057790334,50,8,48.734445269338,0.00357622007066964,-11.7095635771632
206,0.136419997,0,10.59000015,"no",0.488999993,34.70387857,22.29999924,3.9454,4,277,18.60000038,396.8999939,2.386006691,22.60000038,8,48.734445269338,0.00357622007066964,-11.7095635771632
207,0.22969,0,10.59000015,"no",0.488999993,40.01827871,52.5,4.354899883,4,277,18.60000038,394.8699951,2.395164299,24.39999962,8,48.734445269338,0.00357622007066964,-11.7095635771632
208,0.25198999,0,10.59000015,"no",0.488999993,33.44308891,72.69999695,4.354899883,4,277,18.60000038,389.4299927,2.893699519,22.5,8,48.734445269338,0.00357622007066964,-11.7095635771632
209,0.135869995,0,10.59000015,"yes",0.488999993,36.77209758,59.09999847,4.239200115,4,277,18.60000038,381.3200073,2.685122686,24.39999962,9,49.0822866684221,0.023829293278883,-13.5011663206242
210,0.435710013,0,10.59000015,"yes",0.488999993,28.55833454,100,3.875,4,277,18.60000038,396.8999939,3.13939963,20,9,49.0822866684221,0.023829293278883,-13.5011663206242
211,0.174459994,0,10.59000015,"yes",0.488999993,35.52160045,92.09999847,3.877099991,4,277,18.60000038,393.25,2.848970919,21.70000076,9,49.0822866684221,0.023829293278883,-13.5011663206242
212,0.375779986,0,10.59000015,"yes",0.488999993,29.20321389,88.59999847,3.664999962,4,277,18.60000038,395.2399902,3.17722013,19.29999924,9,49.0822866684221,0.023829293278883,-13.5011663206242
213,0.217189997,0,10.59000015,"yes",0.488999993,33.72125086,53.79999924,3.65260005,4,277,18.60000038,390.9400024,2.77446201,22.39999962,9,49.0822866684221,0.023829293278883,-13.5011663206242
214,0.140520006,0,10.59000015,"no",0.488999993,40.640625,32.29999924,3.9454,4,277,18.60000038,385.8099976,2.238579775,28.10000038,8,48.734445269338,0.00357622007066964,-11.7095635771632
215,0.289550006,0,10.59000015,"no",0.488999993,29.28974594,9.800000191,3.587500095,4,277,18.60000038,348.9299927,3.386083718,23.70000076,8,48.734445269338,0.00357622007066964,-11.7095635771632
216,0.198019996,0,10.59000015,"no",0.488999993,38.21712598,42.40000153,3.9454,4,277,18.60000038,393.6300049,2.248128935,25,8,48.734445269338,0.00357622007066964,-11.7095635771632
217,0.045600001,0,13.89000034,"yes",0.550000012,34.66854413,56,3.112099886,5,276,16.39999962,392.7999878,2.603430169,23.29999924,9,49.0822866684221,0.023829293278883,-13.5011663206242
218,0.070129998,0,13.89000034,"no",0.550000012,44.11616663,85.09999847,3.421099901,5,276,16.39999962,392.7799988,2.271094383,28.70000076,8,48.734445269338,0.00357622007066964,-11.7095635771632
219,0.110689998,0,13.89000034,"yes",0.550000012,35.41440355,93.80000305,2.889300108,5,276,16.39999962,396.8999939,2.885917412,21.5,9,49.0822866684221,0.023829293278883,-13.5011663206242
220,0.114249997,0,13.89000034,"yes",0.550000012,40.61513085,92.40000153,3.363300085,5,276,16.39999962,393.7399902,2.351375257,23,9,49.0822866684221,0.023829293278883,-13.5011663206242
221,0.358090013,0,6.199999809,"yes",0.507000029,48.31640398,88.5,2.861700058,8,307,17.39999962,391.7000122,2.273156286,26.70000076,9,49.0822866684221,0.023829293278883,-13.5011663206242
222,0.407709986,0,6.199999809,"yes",0.507000029,37.99489642,91.30000305,3.048000097,8,307,17.39999962,395.2399902,3.066190694,21.70000076,9,49.0822866684221,0.023829293278883,-13.5011663206242
223,0.623560011,0,6.199999809,"yes",0.507000029,47.32064357,77.69999695,3.272099972,8,307,17.39999962,390.3900146,2.295560509,27.5,9,49.0822866684221,0.023829293278883,-13.5011663206242
224,0.614700019,0,6.199999809,"no",0.507000029,43.79792441,80.80000305,3.272099972,8,307,17.39999962,396.8999939,2.028148235,30.10000038,8,48.734445269338,0.00357622007066964,-11.7095635771632
225,0.315329999,0,6.199999809,"no",0.504000008,68.32675259,78.30000305,2.894399881,8,307,17.39999962,385.0499878,1.420695755,44.79999924,8,48.734445269338,0.00357622007066964,-11.7095635771632
226,0.526929975,0,6.199999809,"no",0.504000008,76.12563165,83,2.894399881,8,307,17.39999962,382,1.532556893,50,8,48.734445269338,0.00357622007066964,-11.7095635771632
227,0.382140011,0,6.199999809,"no",0.504000008,64.64159939,86.5,3.215699911,8,307,17.39999962,387.3800049,1.141033041,37.59999847,8,48.734445269338,0.00357622007066964,-11.7095635771632
228,0.41238001,0,6.199999809,"no",0.504000008,51.30857053,79.90000153,3.215699911,8,307,17.39999962,372.0799866,1.850028398,31.60000038,8,48.734445269338,0.00357622007066964,-11.7095635771632
229,0.298189998,0,6.199999809,"no",0.504000008,59.074594,17,3.375099897,8,307,17.39999962,377.5100098,1.366091673,46.70000076,8,48.734445269338,0.00357622007066964,-11.7095635771632
230,0.441780001,0,6.199999809,"no",0.504000008,42.9287046,21.39999962,3.375099897,8,307,17.39999962,380.3399963,1.324418955,31.5,8,48.734445269338,0.00357622007066964,-11.7095635771632
231,0.537,0,6.199999809,"no",0.504000008,35.77236037,68.09999847,3.671499968,8,307,17.39999962,378.3500061,2.455306147,24.29999924,8,48.734445269338,0.00357622007066964,-11.7095635771632
232,0.462960005,0,6.199999809,"no",0.504000008,54.93774665,76.90000153,3.671499968,8,307,17.39999962,376.1400146,1.658228077,31.70000076,8,48.734445269338,0.00357622007066964,-11.7095635771632
233,0.575290024,0,6.199999809,"no",0.507000029,69.50556722,73.30000305,3.838399887,8,307,17.39999962,385.9100037,0.904218162,41.70000076,8,48.734445269338,0.00357622007066964,-11.7095635771632
234,0.331470013,0,6.199999809,"no",0.507000029,68.01300473,70.40000153,3.651900053,8,307,17.39999962,378.9500122,1.373715591,48.29999924,8,48.734445269338,0.00357622007066964,-11.7095635771632
235,0.447910011,0,6.199999809,"yes",0.507000029,45.23907374,66.5,3.651900053,8,307,17.39999962,360.2000122,2.085672115,29,9,49.0822866684221,0.023829293278883,-13.5011663206242
236,0.330449998,0,6.199999809,"no",0.507000029,37.03939559,61.5,3.651900053,8,307,17.39999962,376.75,2.386926252,24,8,48.734445269338,0.00357622007066964,-11.7095635771632
237,0.520579994,0,6.199999809,"yes",0.507000029,43.97016156,76.5,4.147999763,8,307,17.39999962,388.4500122,2.255493481,25.10000038,9,49.0822866684221,0.023829293278883,-13.5011663206242
238,0.511829972,0,6.199999809,"no",0.507000029,54.14016109,71.59999847,4.147999763,8,307,17.39999962,390.0700073,1.553925207,31.5,8,48.734445269338,0.00357622007066964,-11.7095635771632
239,0.082439996,30,4.929999828,"no",0.428000003,42.00336031,18.5,6.189899921,6,300,16.60000038,379.4100037,1.850028398,23.70000076,8,48.734445269338,0.00357622007066964,-11.7095635771632
240,0.092519999,30,4.929999828,"no",0.428000003,43.6392353,42.20000076,6.189899921,6,300,16.60000038,383.7799988,1.997417691,23.29999924,8,48.734445269338,0.00357622007066964,-11.7095635771632
241,0.113289997,30,4.929999828,"no",0.428000003,47.56860674,54.29999924,6.336100101,6,300,16.60000038,391.25,2.431857438,22,8,48.734445269338,0.00357622007066964,-11.7095635771632
242,0.106119998,30,4.929999828,"no",0.428000003,37.14902244,65.09999847,6.336100101,6,300,16.60000038,394.6199951,2.517696442,20.10000038,8,48.734445269338,0.00357622007066964,-11.7095635771632
243,0.102899998,30,4.929999828,"no",0.428000003,40.42416148,52.90000153,7.03550005,6,300,16.60000038,372.75,2.417697924,22.20000076,8,48.734445269338,0.00357622007066964,-11.7095635771632
244,0.127570003,30,4.929999828,"no",0.428000003,40.87045061,7.800000191,7.03550005,6,300,16.60000038,374.7099915,1.646733708,23.70000076,8,48.734445269338,0.00357622007066964,-11.7095635771632
245,0.206080005,22,5.860000134,"no",0.430999994,31.28164827,76.5,7.954899788,7,330,19.10000038,372.4899902,2.525728644,17.60000038,8,48.734445269338,0.00357622007066964,-11.7095635771632
246,0.191330001,22,5.860000134,"no",0.430999994,31.41602521,70.19999695,7.954899788,7,330,19.10000038,389.1300049,2.915606179,18.5,8,48.734445269338,0.00357622007066964,-11.7095635771632
247,0.339830011,22,5.860000134,"no",0.430999994,37.30766158,34.90000153,8.055500031,7,330,19.10000038,390.1799927,2.214846162,24.29999924,8,48.734445269338,0.00357622007066964,-11.7095635771632
248,0.196569994,22,5.860000134,"no",0.430999994,38.76307391,79.19999695,8.055500031,7,330,19.10000038,376.1400146,2.317473668,20.5,8,48.734445269338,0.00357622007066964,-11.7095635771632
249,0.164389998,22,5.860000134,"no",0.430999994,41.38349013,49.09999847,7.826499939,7,330,19.10000038,374.7099915,2.253394897,24.5,8,48.734445269338,0.00357622007066964,-11.7095635771632
250,0.190730006,22,5.860000134,"no",0.430999994,45.13152313,17.5,7.826499939,7,330,19.10000038,393.7399902,1.880990594,26.20000076,8,48.734445269338,0.00357622007066964,-11.7095635771632
251,0.140300006,22,5.860000134,"no",0.430999994,42.08116886,13,7.396699905,7,330,19.10000038,396.2799988,1.774952367,24.39999962,8,48.734445269338,0.00357622007066964,-11.7095635771632
252,0.214090005,22,5.860000134,"no",0.430999994,41.4478466,8.899999619,7.396699905,7,330,19.10000038,377.0700073,1.278152179,24.79999924,8,48.734445269338,0.00357622007066964,-11.7095635771632
253,0.082209997,22,5.860000134,"no",0.430999994,48.39984593,6.800000191,8.906700134,7,330,19.10000038,386.0899963,1.261297863,29.60000038,8,48.734445269338,0.00357622007066964,-11.7095635771632
254,0.368939996,22,5.860000134,"no",0.430999994,68.21107811,8.399999619,8.906700134,7,330,19.10000038,396.8999939,1.264126716,42.79999924,8,48.734445269338,0.00357622007066964,-11.7095635771632
255,0.048190001,80,3.640000105,"no",0.39199999,37.30766158,32,9.220299721,1,315,16.39999962,392.8900146,1.882513859,21.89999962,7,21.89999962,NA,NA
256,0.03548,80,3.640000105,"no",0.39199999,34.52737515,19.10000038,9.220299721,1,315,16.39999962,395.1799927,2.224623552,20.89999962,7,21.89999962,NA,NA
257,0.01538,90,3.75,"no",0.393999994,55.56211594,34.20000076,6.336100101,3,244,15.89999962,386.3399963,1.134622692,44,8,48.734445269338,0.00357622007066964,-11.7095635771632
258,0.61154002,20,3.970000029,"no",0.647000015,75.75962423,86.90000153,1.800999999,5,264,13,389.7000122,1.633154417,50,8,48.734445269338,0.00357622007066964,-11.7095635771632
259,0.663510025,20,3.970000029,"no",0.647000015,53.77289168,100,1.894600034,5,264,13,383.2900085,2.052840855,36,8,48.734445269338,0.00357622007066964,-11.7095635771632
260,0.656650007,20,3.970000029,"no",0.647000015,46.81296411,100,2.010699987,5,264,13,391.9299927,1.931521425,30.10000038,8,48.734445269338,0.00357622007066964,-11.7095635771632
261,0.540109992,20,3.970000029,"no",0.647000015,51.88320999,81.80000305,2.112099886,5,264,13,392.7999878,2.260720905,33.79999924,8,48.734445269338,0.00357622007066964,-11.7095635771632
262,0.534120023,20,3.970000029,"no",0.647000015,56.55039971,89.40000153,2.139800072,5,264,13,388.3699951,1.98237986,43.09999847,8,48.734445269338,0.00357622007066964,-11.7095635771632
263,0.520139992,20,3.970000029,"no",0.647000015,70.52640002,91.5,2.288500071,5,264,13,386.8599854,1.776645806,48.79999924,8,48.734445269338,0.00357622007066964,-11.7095635771632
264,0.825259984,20,3.970000029,"no",0.647000015,53.68493107,94.5,2.078799963,5,264,13,393.4200134,2.420368129,31,8,48.734445269338,0.00357622007066964,-11.7095635771632
265,0.550069988,20,3.970000029,"no",0.647000015,51.92643385,91.59999847,1.930099964,5,264,13,387.8900146,2.091864109,36.5,8,48.734445269338,0.00357622007066964,-11.7095635771632
266,0.761619985,20,3.970000029,"no",0.647000015,30.91359937,62.79999924,1.986500025,5,264,13,392.3999939,2.34660196,22.79999924,8,48.734445269338,0.00357622007066964,-11.7095635771632
267,0.785700023,20,3.970000029,"no",0.647000015,49.19619514,84.59999847,2.1329,5,264,13,384.0700073,2.693951274,30.70000076,8,48.734445269338,0.00357622007066964,-11.7095635771632
268,0.578339994,20,3.970000029,"no",0.574999988,68.84020786,67,2.421600103,5,264,13,384.5400085,2.006870857,50,8,48.734445269338,0.00357622007066964,-11.7095635771632
269,0.540499985,20,3.970000029,"no",0.574999988,55.80089686,52.59999847,2.871999979,5,264,13,390.2999878,1.150572055,43.5,8,48.734445269338,0.00357622007066964,-11.7095635771632
270,0.09065,20,6.960000038,"yes",0.463999987,35.0464009,61.5,3.917500019,3,223,18.60000038,391.3399963,2.613739494,20.70000076,9,49.0822866684221,0.023829293278883,-13.5011663206242
271,0.299160004,20,6.960000038,"no",0.463999987,34.29273538,42.09999847,4.428999901,3,223,18.60000038,388.6499939,2.564949357,21.10000038,8,48.734445269338,0.00357622007066964,-11.7095635771632
272,0.162110001,20,6.960000038,"no",0.463999987,38.93759714,16.29999924,4.428999901,3,223,18.60000038,396.8999939,1.885553372,25.20000076,8,48.734445269338,0.00357622007066964,-11.7095635771632
273,0.114600003,20,6.960000038,"no",0.463999987,42.7454454,58.70000076,3.917500019,3,223,18.60000038,394.9599915,2.045108865,24.39999962,8,48.734445269338,0.00357622007066964,-11.7095635771632
274,0.221880004,20,6.960000038,"yes",0.463999987,59.15148077,51.79999924,4.366499901,3,223,18.60000038,390.769989,1.884034734,35.20000076,9,49.0822866684221,0.023829293278883,-13.5011663206242
275,0.056439999,40,6.409999847,"yes",0.446999997,45.67056261,32.90000153,4.077600002,4,254,17.60000038,396.8999939,1.261297863,32.40000153,9,49.0822866684221,0.023829293278883,-13.5011663206242
276,0.096040003,40,6.409999847,"no",0.446999997,46.97731726,42.79999924,4.267300129,4,254,17.60000038,396.8999939,1.091923307,32,8,48.734445269338,0.00357622007066964,-11.7095635771632
277,0.10469,40,6.409999847,"yes",0.446999997,52.80929188,49,4.787199974,4,254,17.60000038,389.25,1.800058304,33.20000076,9,49.0822866684221,0.023829293278883,-13.5011663206242
278,0.061269999,40,6.409999847,"yes",0.446999997,46.59427892,27.60000038,4.862800121,4,254,17.60000038,393.4500122,1.425515037,33.09999847,9,49.0822866684221,0.023829293278883,-13.5011663206242
279,0.079779997,40,6.409999847,"no",0.446999997,42.01632237,32.09999847,4.140299797,4,254,17.60000038,396.8999939,1.97269118,29.10000038,8,48.734445269338,0.00357622007066964,-11.7095635771632
280,0.210380003,20,3.329999924,"no",0.442900002,46.40334125,32.20000076,4.100699902,5,216,14.89999962,396.8999939,1.578978685,35.09999847,8,48.734445269338,0.00357622007066964,-11.7095635771632
281,0.035780001,20,3.329999924,"no",0.442900002,61.15240269,64.5,4.694699764,5,216,14.89999962,387.3099976,1.324418955,45.40000153,8,48.734445269338,0.00357622007066964,-11.7095635771632
282,0.037050001,20,3.329999924,"no",0.442900002,48.55302309,37.20000076,5.244699955,5,216,14.89999962,392.230011,1.523880057,35.40000153,8,48.734445269338,0.00357622007066964,-11.7095635771632
283,0.06129,20,3.329999924,"yes",0.442900002,58.44602471,49.70000076,5.211900234,5,216,14.89999962,377.0700073,1.101940075,46,9,49.0822866684221,0.023829293278883,-13.5011663206242
284,0.01501,90,1.210000038,"yes",0.400999993,62.77392677,24.79999924,5.885000229,1,198,13.60000038,395.519989,1.150572055,50,9,49.0822866684221,0.023829293278883,-13.5011663206242
285,0.00906,90,2.970000029,"no",0.400000006,50.23974146,20.79999924,7.307300091,1,285,15.30000019,394.7200012,2.06051352,32.20000076,8,48.734445269338,0.00357622007066964,-11.7095635771632
286,0.01096,55,2.25,"no",0.388999999,41.64120989,31.89999962,7.307300091,1,300,15.30000019,394.7200012,2.107785959,22,5,22,NA,NA
287,0.019649999,80,1.75999999,"no",0.38499999,38.81290024,31.5,9.08920002,1,241,18.20000076,341.6000061,2.559550217,20.10000038,3,20.10000038,NA,NA
288,0.038710002,52.5,5.320000172,"no",0.405000001,38.55168238,31.29999924,7.317200184,6,293,16.60000038,396.8999939,1.965712758,23.20000076,8,48.734445269338,0.00357622007066964,-11.7095635771632
289,0.045899998,52.5,5.320000172,"no",0.405000001,39.87922572,45.59999847,7.317200184,6,293,16.60000038,396.8999939,2.028148235,22.29999924,8,48.734445269338,0.00357622007066964,-11.7095635771632
290,0.042970002,52.5,5.320000172,"no",0.405000001,43.09922575,22.89999962,7.317200184,6,293,16.60000038,371.7200012,2.252343901,24.79999924,8,48.734445269338,0.00357622007066964,-11.7095635771632
291,0.035020001,80,4.949999809,"no",0.411000013,47.07332184,27.89999962,5.116700172,4,245,19.20000076,396.8999939,1.202972281,28.5,8,48.734445269338,0.00357622007066964,-11.7095635771632
292,0.07886,80,4.949999809,"no",0.411000013,51.09390061,27.70000076,5.116700172,4,245,19.20000076,396.8999939,1.269760529,37.29999924,8,48.734445269338,0.00357622007066964,-11.7095635771632
293,0.036150001,80,4.949999809,"no",0.411000013,43.95690151,23.39999962,5.116700172,4,245,19.20000076,396.8999939,1.547562468,27.89999962,8,48.734445269338,0.00357622007066964,-11.7095635771632
294,0.082649998,0,13.92000008,"no",0.437000006,37.54012722,18.39999962,5.502699852,4,289,16,396.8999939,2.149433905,23.89999962,8,48.734445269338,0.00357622007066964,-11.7095635771632
295,0.081990004,0,13.92000008,"no",0.437000006,36.1080789,42.29999924,5.502699852,4,289,16,396.8999939,2.34180577,21.70000076,8,48.734445269338,0.00357622007066964,-11.7095635771632
296,0.129319996,0,13.92000008,"no",0.437000006,44.59568364,31.10000038,5.960400105,4,289,16,396.8999939,1.835776352,28.60000038,8,48.734445269338,0.00357622007066964,-11.7095635771632
297,0.053720001,0,13.92000008,"no",0.437000006,42.8893982,51,5.960400105,4,289,16,392.8500061,2.000127717,27.10000038,8,48.734445269338,0.00357622007066964,-11.7095635771632
298,0.141029999,0,13.92000008,"no",0.437000006,33.52409956,58,6.320000172,4,289,16,396.8999939,2.762538396,20.29999924,8,48.734445269338,0.00357622007066964,-11.7095635771632
299,0.064659998,70,2.24000001,"no",0.400000006,40.25902234,20.10000038,7.827799797,5,358,14.80000019,368.2399902,1.603419798,22.5,8,48.734445269338,0.00357622007066964,-11.7095635771632
300,0.055610001,70,2.24000001,"no",0.400000006,49.57567944,10,7.827799797,5,358,14.80000019,371.5799866,1.556037087,29,8,48.734445269338,0.00357622007066964,-11.7095635771632
301,0.04417,70,2.24000001,"no",0.400000006,47.21063843,47.40000153,7.827799797,5,358,14.80000019,390.8599854,1.803358633,24.79999924,8,48.734445269338,0.00357622007066964,-11.7095635771632
302,0.03537,34,6.090000153,"no",0.432999998,43.42810202,40.40000153,5.491700172,7,329,16.10000038,395.75,2.251291799,22,8,48.734445269338,0.00357622007066964,-11.7095635771632
303,0.092660002,34,6.090000153,"no",0.432999998,42.18502352,18.39999962,5.491700172,7,329,16.10000038,383.6099854,2.1598688,26.39999962,8,48.734445269338,0.00357622007066964,-11.7095635771632
304,0.100000001,34,6.090000153,"no",0.432999998,48.74832224,17.70000076,5.491700172,7,329,16.10000038,390.4299927,1.581038465,33.09999847,8,48.734445269338,0.00357622007066964,-11.7095635771632
305,0.055149999,33,2.180000067,"no",0.472000003,52.35969688,41.09999847,4.021999836,7,222,18.39999962,393.6799927,1.935859788,36.09999847,8,48.734445269338,0.00357622007066964,-11.7095635771632
306,0.054790001,33,2.180000067,"no",0.472000003,43.77145832,58.09999847,3.369999886,7,222,18.39999962,393.3599854,2.189416429,28.39999962,8,48.734445269338,0.00357622007066964,-11.7095635771632
307,0.075029999,33,2.180000067,"no",0.472000003,55.05640113,71.90000153,3.09920001,7,222,18.39999962,396.8999939,1.867176076,33.40000153,8,48.734445269338,0.00357622007066964,-11.7095635771632
308,0.049320001,33,2.180000067,"no",0.472000003,46.90880068,70.30000305,3.182699919,7,222,18.39999962,396.8999939,2.01889507,28.20000076,8,48.734445269338,0.00357622007066964,-11.7095635771632
309,0.492980003,0,9.899999619,"no",0.54400003,44.02322804,82.5,3.317500114,4,304,18.39999962,396.8999939,1.512927004,22.79999924,8,48.734445269338,0.00357622007066964,-11.7095635771632
310,0.349400014,0,9.899999619,"no",0.54400003,35.66478546,76.69999695,3.102499962,4,304,18.39999962,396.2399902,2.299580611,20.29999924,8,48.734445269338,0.00357622007066964,-11.7095635771632
311,2.635479927,0,9.899999619,"no",0.54400003,24.7307295,37.79999924,2.519399881,4,304,18.39999962,350.4500122,2.536866416,16.10000038,8,48.734445269338,0.00357622007066964,-11.7095635771632
312,0.790409982,0,9.899999619,"no",0.54400003,37.47888666,52.79999924,2.640300035,4,304,18.39999962,396.8999939,1.788420571,22.10000038,8,48.734445269338,0.00357622007066964,-11.7095635771632
313,0.261689991,0,9.899999619,"no",0.54400003,36.27652615,90.40000153,2.834000111,4,304,18.39999962,396.2999878,2.461296807,19.39999962,8,48.734445269338,0.00357622007066964,-11.7095635771632
314,0.269380003,0,9.899999619,"no",0.54400003,39.26275342,82.80000305,3.262799978,4,304,18.39999962,393.3900146,2.066862771,21.60000038,8,48.734445269338,0.00357622007066964,-11.7095635771632
315,0.369199991,0,9.899999619,"no",0.54400003,43.12548784,87.30000305,3.602299929,4,304,18.39999962,395.6900024,2.227861518,23.79999924,8,48.734445269338,0.00357622007066964,-11.7095635771632
316,0.253560007,0,9.899999619,"no",0.54400003,32.54702413,77.69999695,3.944999933,4,304,18.39999962,396.4200134,2.442347035,16.20000076,8,48.734445269338,0.00357622007066964,-11.7095635771632
317,0.318269998,0,9.899999619,"no",0.54400003,34.9753964,83.19999695,3.998600006,4,304,18.39999962,390.7000122,2.908539057,17.79999924,8,48.734445269338,0.00357622007066964,-11.7095635771632
318,0.245220006,0,9.899999619,"no",0.54400003,33.43152475,71.69999695,4.031700134,4,304,18.39999962,396.8999939,2.768831647,19.79999924,8,48.734445269338,0.00357622007066964,-11.7095635771632
319,0.402020007,0,9.899999619,"no",0.54400003,40.7299236,67.19999695,3.532500029,4,304,18.39999962,395.2099915,2.337952204,23.10000038,8,48.734445269338,0.00357622007066964,-11.7095635771632
320,0.475470006,0,9.899999619,"no",0.54400003,37.36876797,58.79999924,4.001900196,4,304,18.39999962,396.230011,2.543961376,21,8,48.734445269338,0.00357622007066964,-11.7095635771632
321,0.167600006,0,7.380000114,"no",0.493000001,41.29347752,52.29999924,4.540400028,5,287,19.60000038,396.8999939,1.974080999,23.79999924,8,48.734445269338,0.00357622007066964,-11.7095635771632
322,0.181590006,0,7.380000114,"no",0.493000001,40.65337508,54.29999924,4.540400028,5,287,19.60000038,396.8999939,1.92716409,23.10000038,8,48.734445269338,0.00357622007066964,-11.7095635771632
323,0.351139992,0,7.380000114,"no",0.493000001,36.49367966,49.90000153,4.721099854,5,287,19.60000038,396.8999939,2.041220304,20.39999962,8,48.734445269338,0.00357622007066964,-11.7095635771632
324,0.28391999,0,7.380000114,"no",0.493000001,32.58126609,74.30000305,4.721099854,5,287,19.60000038,391.1300049,2.463001795,18.5,8,48.734445269338,0.00357622007066964,-11.7095635771632
325,0.341089994,0,7.380000114,"no",0.493000001,41.15222451,40.09999847,4.721099854,5,287,19.60000038,396.8999939,1.811562078,25,8,48.734445269338,0.00357622007066964,-11.7095635771632
326,0.191860005,0,7.380000114,"no",0.493000001,41.357764,14.69999981,5.41590023,5,287,19.60000038,393.6799927,1.625311247,24.60000038,8,48.734445269338,0.00357622007066964,-11.7095635771632
327,0.303469986,0,7.380000114,"no",0.493000001,39.84134145,28.89999962,5.41590023,5,287,19.60000038,396.8999939,1.816452097,23,8,48.734445269338,0.00357622007066964,-11.7095635771632
328,0.241029993,0,7.380000114,"no",0.493000001,37.00289123,43.70000076,5.41590023,5,287,19.60000038,396.8999939,2.548663612,22.20000076,8,48.734445269338,0.00357622007066964,-11.7095635771632
329,0.06617,0,3.24000001,"no",0.460000008,34.43342436,25.79999924,5.214600086,4,430,16.89999962,382.4400024,2.299580611,19.29999924,8,48.734445269338,0.00357622007066964,-11.7095635771632
330,0.06724,0,3.24000001,"no",0.460000008,40.10689132,17.20000076,5.214600086,4,430,16.89999962,375.2099915,1.993338863,22.60000038,8,48.734445269338,0.00357622007066964,-11.7095635771632
331,0.04544,0,3.24000001,"no",0.460000008,37.74873665,32.20000076,5.873600006,4,430,16.89999962,368.5700073,2.207174925,19.79999924,8,48.734445269338,0.00357622007066964,-11.7095635771632
332,0.05023,35,6.059999943,"no",0.437900007,32.5584343,28.39999962,6.640699863,1,304,16.89999962,394.019989,2.52011293,17.10000038,8,48.734445269338,0.00357622007066964,-11.7095635771632
333,0.03466,35,6.059999943,"no",0.437900007,36.37296265,23.29999924,6.640699863,1,304,16.89999962,362.25,2.0579625,19.39999962,8,48.734445269338,0.00357622007066964,-11.7095635771632
334,0.050829999,0,5.190000057,"no",0.514999986,39.89185581,38.09999847,6.458399773,5,224,20.20000076,389.7099915,1.736951202,22.20000076,8,48.734445269338,0.00357622007066964,-11.7095635771632
335,0.037379999,0,5.190000057,"no",0.514999986,39.81609928,38.5,6.458399773,5,224,20.20000076,389.3999939,1.909542505,20.70000076,8,48.734445269338,0.00357622007066964,-11.7095635771632
336,0.039609998,0,5.190000057,"no",0.514999986,36.44537116,34.5,5.985300064,5,224,20.20000076,396.8999939,2.08069079,21.10000038,8,48.734445269338,0.00357622007066964,-11.7095635771632
337,0.03427,0,5.190000057,"no",0.514999986,34.44516051,46.29999924,5.231100082,5,224,20.20000076,396.8999939,2.282382405,19.5,8,48.734445269338,0.00357622007066964,-11.7095635771632
338,0.030409999,0,5.190000057,"no",0.514999986,34.75102478,59.59999847,5.614999771,5,224,20.20000076,394.8099976,2.357073318,18.5,8,48.734445269338,0.00357622007066964,-11.7095635771632
339,0.033059999,0,5.190000057,"no",0.514999986,36.71148118,37.29999924,4.812200069,5,224,20.20000076,396.1400146,2.141241969,20.60000038,8,48.734445269338,0.00357622007066964,-11.7095635771632
340,0.05497,0,5.190000057,"no",0.514999986,35.8202266,45.40000153,4.812200069,5,224,20.20000076,396.8999939,2.276241094,19,8,48.734445269338,0.00357622007066964,-11.7095635771632
341,0.06151,0,5.190000057,"no",0.514999986,35.61702322,58.5,4.812200069,5,224,20.20000076,396.8999939,2.228938549,18.70000076,8,48.734445269338,0.00357622007066964,-11.7095635771632
342,0.01301,35,1.519999981,"no",0.442000002,52.43208353,49.29999924,7.037899971,1,284,15.5,394.7399902,1.702928214,32.70000076,8,48.734445269338,0.00357622007066964,-11.7095635771632
343,0.024979999,0,1.889999986,"no",0.518000007,42.7715995,59.70000076,6.266900063,1,422,15.89999962,389.9599915,2.157559277,16.5,8,48.734445269338,0.00357622007066964,-11.7095635771632
344,0.025429999,55,3.779999971,"no",0.483999997,44.83641733,56.40000153,5.73210001,5,370,17.60000038,396.8999939,1.971299359,23.89999962,8,48.734445269338,0.00357622007066964,-11.7095635771632
345,0.03049,55,3.779999971,"no",0.483999997,47.25187699,28.10000038,6.465400219,5,370,17.60000038,387.9700012,1.528227886,31.20000076,8,48.734445269338,0.00357622007066964,-11.7095635771632
346,0.031129999,0,4.389999866,"no",0.442000002,36.16819527,48.5,8.013600349,3,352,18.79999924,385.6400146,2.354228301,17.5,8,48.734445269338,0.00357622007066964,-11.7095635771632
347,0.061620001,0,4.389999866,"no",0.442000002,34.7864012,52.29999924,8.013600349,3,352,18.79999924,364.6099854,2.539237001,17.20000076,8,48.734445269338,0.00357622007066964,-11.7095635771632
348,0.0187,85,4.150000095,"no",0.42899999,42.45825332,27.70000076,8.535300255,4,351,17.89999962,392.4299927,1.850028398,23.10000038,8,48.734445269338,0.00357622007066964,-11.7095635771632
349,0.01501,80,2.00999999,"no",0.435000002,44.02322804,29.70000076,8.343999863,4,280,17,390.9400024,1.790091374,24.5,8,48.734445269338,0.00357622007066964,-11.7095635771632
350,0.02899,40,1.25,"no",0.42899999,48.1497228,34.5,8.792099953,1,335,19.70000076,389.8500061,1.773255975,26.60000038,8,48.734445269338,0.00357622007066964,-11.7095635771632
351,0.062109999,40,1.25,"no",0.42899999,42.12009703,44.40000153,8.792099953,1,335,19.70000076,396.8999939,1.788420571,22.89999962,8,48.734445269338,0.00357622007066964,-11.7095635771632
352,0.079499997,60,1.690000057,"no",0.411000013,43.28324095,35.90000153,10.71030045,4,411,18.29999924,370.7799988,1.702928214,24.10000038,8,48.734445269338,0.00357622007066964,-11.7095635771632
353,0.072439998,60,1.690000057,"no",0.411000013,34.62145394,18.5,10.71030045,4,411,18.29999924,392.3299866,2.052840855,18.60000038,8,48.734445269338,0.00357622007066964,-11.7095635771632
354,0.01709,90,2.019999981,"no",0.409999996,45.26598621,36.09999847,12.12650013,5,187,17,384.4599915,1.504077397,30.10000038,8,48.734445269338,0.00357622007066964,-11.7095635771632
355,0.04301,80,1.909999967,"no",0.412999988,32.06957021,21.89999962,10.58570004,4,334,22,382.7999878,2.085672115,18.20000076,8,48.734445269338,0.00357622007066964,-11.7095635771632
356,0.106590003,80,1.909999967,"no",0.412999988,35.23609446,19.5,10.58570004,4,334,22,376.0400085,1.717395085,20.60000038,8,48.734445269338,0.00357622007066964,-11.7095635771632
357,8.982959747,0,18.10000038,"yes",0.769999981,38.58894267,97.40000153,2.122200012,24,666,20.20000076,377.730011,2.867898924,17.79999924,9,49.0822866684221,0.023829293278883,-13.5011663206242
358,3.849699974,0,18.10000038,"yes",0.769999981,40.89602476,91,2.505199909,24,666,20.20000076,391.3399963,2.585505883,21.70000076,9,49.0822866684221,0.023829293278883,-13.5011663206242
359,5.201769829,0,18.10000038,"yes",0.769999981,37.54012722,83.40000153,2.722700119,24,666,20.20000076,395.4299927,2.440606351,22.70000076,9,49.0822866684221,0.023829293278883,-13.5011663206242
360,4.261310101,0,18.10000038,"no",0.769999981,37.35654387,81.30000305,2.50909996,24,666,20.20000076,390.7399902,2.539237001,22.60000038,8,48.734445269338,0.00357622007066964,-11.7095635771632
361,4.541920185,0,18.10000038,"no",0.769999981,40.93440097,88,2.518199921,24,666,20.20000076,374.5599976,2.052840855,25,8,48.734445269338,0.00357622007066964,-11.7095635771632
362,3.836839914,0,18.10000038,"no",0.769999981,39.0750001,91.09999847,2.29550004,24,666,20.20000076,350.6499939,2.652537462,19.89999962,8,48.734445269338,0.00357622007066964,-11.7095635771632
363,3.678220034,0,18.10000038,"no",0.769999981,28.75104388,96.19999695,2.103600025,24,666,20.20000076,380.7900085,2.321406806,20.79999924,8,48.734445269338,0.00357622007066964,-11.7095635771632
364,4.222390175,0,18.10000038,"yes",0.769999981,33.67480869,89,1.904700041,24,666,20.20000076,353.0400085,2.683757532,16.79999924,9,49.0822866684221,0.023829293278883,-13.5011663206242
365,3.474280119,0,18.10000038,"yes",0.717999995,77.08839531,82.90000153,1.904700041,24,666,20.20000076,354.5499878,1.665818239,21.89999962,9,49.0822866684221,0.023829293278883,-13.5011663206242
366,4.555870056,0,18.10000038,"no",0.717999995,12.68072178,87.90000153,1.613199949,24,666,20.20000076,354.7000122,1.962907709,27.5,8,48.734445269338,0.00357622007066964,-11.7095635771632
367,3.696949959,0,18.10000038,"no",0.717999995,24.63136722,91.40000153,1.752300024,24,666,20.20000076,316.0299988,2.63905733,21.89999962,8,48.734445269338,0.00357622007066964,-11.7095635771632
368,13.52219963,0,18.10000038,"no",0.630999982,14.92276835,100,1.510599971,24,666,20.20000076,131.4199982,2.590017128,23.10000038,8,48.734445269338,0.00357622007066964,-11.7095635771632
369,4.898220062,0,18.10000038,"no",0.630999982,24.70089791,100,1.332499981,24,666,20.20000076,375.519989,1.181727192,50,8,48.734445269338,0.00357622007066964,-11.7095635771632
370,5.669980049,0,18.10000038,"yes",0.630999982,44.66249018,96.80000305,1.356699944,24,666,20.20000076,375.3299866,1.316408239,50,9,49.0822866684221,0.023829293278883,-13.5011663206242
371,6.538760185,0,18.10000038,"yes",0.630999982,49.22425311,97.5,1.202399969,24,666,20.20000076,392.0499878,1.085189281,50,9,49.0822866684221,0.023829293278883,-13.5011663206242
372,9.232299805,0,18.10000038,"no",0.630999982,38.63865699,100,1.169100046,24,666,20.20000076,366.1499939,2.25444469,50,8,48.734445269338,0.00357622007066964,-11.7095635771632
373,8.267250061,0,18.10000038,"yes",0.667999983,34.515625,89.59999847,1.129600048,24,666,20.20000076,347.8800049,2.18380157,50,9,49.0822866684221,0.023829293278883,-13.5011663206242
374,11.10809994,0,18.10000038,"no",0.667999983,24.06883734,100,1.174200058,24,666,20.20000076,396.8999939,3.548754959,13.80000019,8,48.734445269338,0.00357622007066964,-11.7095635771632
375,18.49819946,0,18.10000038,"no",0.667999983,17.12304409,100,1.136999965,24,666,20.20000076,396.8999939,3.636796406,13.80000019,8,48.734445269338,0.00357622007066964,-11.7095635771632
376,19.60910034,0,18.10000038,"no",0.671000004,53.47997195,97.90000153,1.316300035,24,666,20.20000076,396.8999939,2.598235304,15,8,48.734445269338,0.00357622007066964,-11.7095635771632
377,15.28800011,0,18.10000038,"no",0.671000004,44.20920323,93.30000305,1.344900012,24,666,20.20000076,363.019989,3.145874922,13.89999962,8,48.734445269338,0.00357622007066964,-11.7095635771632
378,9.823490143,0,18.10000038,"no",0.671000004,46.15843802,98.80000305,1.35800004,24,666,20.20000076,396.8999939,3.055886186,13.30000019,8,48.734445269338,0.00357622007066964,-11.7095635771632
379,23.64819908,0,18.10000038,"no",0.671000004,40.70440145,96.19999695,1.386100054,24,666,20.20000076,396.8999939,3.165053041,13.10000038,8,48.734445269338,0.00357622007066964,-11.7095635771632
380,17.86669922,0,18.10000038,"no",0.671000004,38.72572962,100,1.386100054,24,666,20.20000076,393.7399902,3.080992149,10.19999981,8,48.734445269338,0.00357622007066964,-11.7095635771632
381,88.97619629,0,18.10000038,"no",0.671000004,48.55302309,91.90000153,1.416499972,24,666,20.20000076,396.8999939,2.845490557,10.39999962,8,48.734445269338,0.00357622007066964,-11.7095635771632
382,15.87440014,0,18.10000038,"no",0.671000004,42.83702599,99.09999847,1.519199967,24,666,20.20000076,396.8999939,3.04832472,10.89999962,8,48.734445269338,0.00357622007066964,-11.7095635771632
383,9.187020302,0,18.10000038,"no",0.699999988,30.64729351,100,1.58039999,24,666,20.20000076,396.8999939,3.161246728,11.30000019,8,48.734445269338,0.00357622007066964,-11.7095635771632
384,7.992479801,0,18.10000038,"no",0.699999988,30.47039979,100,1.533100009,24,666,20.20000076,396.8999939,3.201119082,12.30000019,8,48.734445269338,0.00357622007066964,-11.7095635771632
385,20.0848999,0,18.10000038,"no",0.699999988,19.07942427,91.19999695,1.439499974,24,666,20.20000076,285.8299866,3.421979893,8.800000191,8,48.734445269338,0.00357622007066964,-11.7095635771632
386,16.8118,0,18.10000038,"no",0.699999988,27.84672847,98.09999847,1.426100016,24,666,20.20000076,396.8999939,3.427839295,7.199999809,8,48.734445269338,0.00357622007066964,-11.7095635771632
387,24.39380074,0,18.10000038,"no",0.699999988,21.64110353,100,1.467200041,24,666,20.20000076,396.8999939,3.342154865,10.5,8,48.734445269338,0.00357622007066964,-11.7095635771632
388,22.5970993,0,18.10000038,"no",0.699999988,25,89.5,1.518399954,24,666,20.20000076,396.8999939,3.465423347,7.400000095,8,48.734445269338,0.00357622007066964,-11.7095635771632
389,14.33370018,0,18.10000038,"no",0.699999988,23.81440111,100,1.58949995,24,666,20.20000076,372.9200134,3.421653418,10.19999981,8,48.734445269338,0.00357622007066964,-11.7095635771632
390,8.151740074,0,18.10000038,"no",0.699999988,29.05209856,98.90000153,1.728099942,24,666,20.20000076,396.8999939,3.037353966,11.5,8,48.734445269338,0.00357622007066964,-11.7095635771632
391,6.962150097,0,18.10000038,"no",0.699999988,32.63836695,97,1.926499963,24,666,20.20000076,394.4299927,2.839663124,15.10000038,8,48.734445269338,0.00357622007066964,-11.7095635771632
392,5.293049812,0,18.10000038,"no",0.699999988,36.61460243,82.5,2.16779995,24,666,20.20000076,378.3800049,2.931726956,23.20000076,8,48.734445269338,0.00357622007066964,-11.7095635771632
393,11.57789993,0,18.10000038,"no",0.699999988,25.36129373,97,1.769999981,24,666,20.20000076,396.8999939,3.245712491,9.699999809,8,48.734445269338,0.00357622007066964,-11.7095635771632
394,8.644760132,0,18.10000038,"no",0.693000019,38.35324702,92.59999847,1.791200042,24,666,20.20000076,396.8999939,2.719319799,13.80000019,8,48.734445269338,0.00357622007066964,-11.7095635771632
395,13.35980034,0,18.10000038,"no",0.693000019,34.65676999,94.69999695,1.782099962,24,666,20.20000076,396.8999939,2.794227921,12.69999981,8,48.734445269338,0.00357622007066964,-11.7095635771632
396,8.716750145,0,18.10000038,"no",0.693000019,41.87384352,98.80000305,1.725700021,24,666,20.20000076,391.980011,2.84024742,13.10000038,8,48.734445269338,0.00357622007066964,-11.7095635771632
397,5.872049809,0,18.10000038,"no",0.693000019,41.02402769,96,1.676800013,24,666,20.20000076,396.8999939,2.963725521,12.5,8,48.734445269338,0.00357622007066964,-11.7095635771632
398,7.672019958,0,18.10000038,"no",0.693000019,33.02801149,98.90000153,1.633399963,24,666,20.20000076,393.1000061,2.991724256,8.5,8,48.734445269338,0.00357622007066964,-11.7095635771632
399,38.35179901,0,18.10000038,"no",0.693000019,29.73520975,100,1.489599943,24,666,20.20000076,396.8999939,3.420673163,5,8,48.734445269338,0.00357622007066964,-11.7095635771632
400,9.916549683,0,18.10000038,"no",0.693000019,34.24590677,77.80000305,1.500399947,24,666,20.20000076,338.1600037,3.400196858,6.300000191,8,48.734445269338,0.00357622007066964,-11.7095635771632
401,25.04610062,0,18.10000038,"no",0.693000019,35.84416887,100,1.588799953,24,666,20.20000076,396.8999939,3.287281875,5.599999905,8,48.734445269338,0.00357622007066964,-11.7095635771632
402,14.23620033,0,18.10000038,"no",0.693000019,40.23364818,100,1.574100018,24,666,20.20000076,396.8999939,3.011605607,7.199999809,8,48.734445269338,0.00357622007066964,-11.7095635771632
403,9.595709801,0,18.10000038,"no",0.693000019,41.0112135,100,1.639000058,24,666,20.20000076,376.1099854,3.011113349,12.10000038,8,48.734445269338,0.00357622007066964,-11.7095635771632
404,24.80170059,0,18.10000038,"no",0.693000019,28.61180075,96,1.702800035,24,666,20.20000076,396.8999939,2.98416566,8.300000191,8,48.734445269338,0.00357622007066964,-11.7095635771632
405,41.52920151,0,18.10000038,"no",0.693000019,30.59196252,85.40000153,1.60739994,24,666,20.20000076,329.4599915,3.309812789,8.5,8,48.734445269338,0.00357622007066964,-11.7095635771632
406,67.92079926,0,18.10000038,"no",0.693000019,32.29649,100,1.425400019,24,666,20.20000076,384.9700012,3.134624252,5,8,48.734445269338,0.00357622007066964,-11.7095635771632
407,20.71619987,0,18.10000038,"no",0.658999979,17.12304409,100,1.17809999,24,666,20.20000076,370.2200012,3.150168633,11.89999962,8,48.734445269338,0.00357622007066964,-11.7095635771632
408,11.95110035,0,18.10000038,"no",0.658999979,31.44966178,100,1.2852,24,666,20.20000076,332.0899963,2.495681732,27.89999962,8,48.734445269338,0.00357622007066964,-11.7095635771632
409,7.403890133,0,18.10000038,"no",0.597000003,31.55069016,97.90000153,1.454699993,24,666,20.20000076,314.6400146,3.273363996,17.20000076,8,48.734445269338,0.00357622007066964,-11.7095635771632
410,14.43830013,0,18.10000038,"no",0.597000003,46.94990725,100,1.465499997,24,666,20.20000076,179.3600006,2.984671361,27.5,8,48.734445269338,0.00357622007066964,-11.7095635771632
411,51.13579941,0,18.10000038,"no",0.597000003,33.14304864,100,1.412999988,24,666,20.20000076,2.599999905,2.313524999,15,8,48.734445269338,0.00357622007066964,-11.7095635771632
412,14.05070019,0,18.10000038,"no",0.597000003,44.31564987,100,1.527500033,24,666,20.20000076,35.04999924,3.054944101,17.20000076,8,48.734445269338,0.00357622007066964,-11.7095635771632
413,18.81100082,0,18.10000038,"no",0.597000003,21.41838199,100,1.553900003,24,666,20.20000076,28.79000092,3.53718406,17.89999962,8,48.734445269338,0.00357622007066964,-11.7095635771632
414,28.65579987,0,18.10000038,"no",0.597000003,26.57402717,100,1.589400053,24,666,20.20000076,210.9700012,2.999724291,16.29999924,8,48.734445269338,0.00357622007066964,-11.7095635771632
415,45.74610138,0,18.10000038,"no",0.693000019,20.42136148,100,1.658200026,24,666,20.20000076,88.26999664,3.610377214,7,8,48.734445269338,0.00357622007066964,-11.7095635771632
416,18.08460045,0,18.10000038,"no",0.67900002,41.39635619,100,1.834699988,24,666,20.20000076,27.25,3.369018457,7.199999809,8,48.734445269338,0.00357622007066964,-11.7095635771632
417,10.83419991,0,18.10000038,"no",0.67900002,45.99552488,90.80000305,1.819499969,24,666,20.20000076,21.56999969,3.249986856,7.5,8,48.734445269338,0.00357622007066964,-11.7095635771632
418,25.94059944,0,18.10000038,"no",0.67900002,28.13241495,89.09999847,1.647500038,24,666,20.20000076,127.3600006,3.282413823,10.39999962,8,48.734445269338,0.00357622007066964,-11.7095635771632
419,73.53410339,0,18.10000038,"no",0.67900002,35.48584637,100,1.802600026,24,666,20.20000076,16.45000076,3.026261519,8.800000191,8,48.734445269338,0.00357622007066964,-11.7095635771632
420,11.81229973,0,18.10000038,"no",0.717999995,46.56697439,76.5,1.79400003,24,666,20.20000076,48.45000076,3.124125478,8.399999619,8,48.734445269338,0.00357622007066964,-11.7095635771632
421,11.08740044,0,18.10000038,"no",0.717999995,41.10091812,100,1.858899951,24,666,20.20000076,318.75,2.709382677,16.70000076,8,48.734445269338,0.00357622007066964,-11.7095635771632
422,7.02259016,0,18.10000038,"no",0.717999995,36.0720365,95.30000305,1.874600053,24,666,20.20000076,319.980011,2.7536607,14.19999981,8,48.734445269338,0.00357622007066964,-11.7095635771632
423,12.04819965,0,18.10000038,"no",0.614000022,31.89990132,87.59999847,1.951200008,24,666,20.20000076,291.5499878,2.646174824,20.79999924,8,48.734445269338,0.00357622007066964,-11.7095635771632
424,7.050419807,0,18.10000038,"no",0.614000022,37.246611,85.09999847,2.021800041,24,666,20.20000076,2.519999981,3.148024123,13.39999962,8,48.734445269338,0.00357622007066964,-11.7095635771632
425,8.79211998,0,18.10000038,"no",0.583999991,30.96922563,70.59999847,2.063499928,24,666,20.20000076,3.650000095,2.842581085,11.69999981,8,48.734445269338,0.00357622007066964,-11.7095635771632
426,15.86030006,0,18.10000038,"no",0.67900002,34.76281492,95.40000153,1.909600019,24,666,20.20000076,7.679999828,3.194173187,8.300000191,8,48.734445269338,0.00357622007066964,-11.7095635771632
427,12.24720001,0,18.10000038,"no",0.583999991,34.07056775,59.70000076,1.997599959,24,666,20.20000076,24.64999962,2.75302354,10.19999981,8,48.734445269338,0.00357622007066964,-11.7095635771632
428,37.66189957,0,18.10000038,"no",0.67900002,38.46480575,78.69999695,1.862900019,24,666,20.20000076,18.81999969,2.675527041,10.89999962,8,48.734445269338,0.00357622007066964,-11.7095635771632
429,7.367109776,0,18.10000038,"no",0.67900002,38.35324702,78.09999847,1.935600042,24,666,20.20000076,96.73000336,3.068982757,11,8,48.734445269338,0.00357622007066964,-11.7095635771632
430,9.338890076,0,18.10000038,"no",0.67900002,40.70440145,95.59999847,1.968199968,24,666,20.20000076,60.72000122,3.181381617,9.5,8,48.734445269338,0.00357622007066964,-11.7095635771632
431,8.49213028,0,18.10000038,"no",0.583999991,40.29710463,86.09999847,2.052700043,24,666,20.20000076,83.44999695,2.870169016,14.5,8,48.734445269338,0.00357622007066964,-11.7095635771632
432,10.06229973,0,18.10000038,"no",0.583999991,46.6898915,94.30000305,2.088200092,24,666,20.20000076,81.33000183,2.98011092,14.10000038,8,48.734445269338,0.00357622007066964,-11.7095635771632
433,6.444049835,0,18.10000038,"no",0.583999991,41.28062745,74.80000305,2.200400114,24,666,20.20000076,97.94999695,2.487403508,16.10000038,8,48.734445269338,0.00357622007066964,-11.7095635771632
434,5.581069946,0,18.10000038,"no",0.713,41.42209433,87.90000153,2.315799952,24,666,20.20000076,100.1900024,2.786245006,14.30000019,8,48.734445269338,0.00357622007066964,-11.7095635771632
435,13.9133997,0,18.10000038,"no",0.713,38.53926627,95,2.222199917,24,666,20.20000076,100.6299973,2.719319799,11.69999981,8,48.734445269338,0.00357622007066964,-11.7095635771632
436,11.16040039,0,18.10000038,"no",0.74000001,43.94364348,94.59999847,2.124700069,24,666,20.20000076,109.8499985,3.147164997,13.39999962,8,48.734445269338,0.00357622007066964,-11.7095635771632
437,14.42080021,0,18.10000038,"no",0.74000001,41.74452056,93.30000305,2.002599955,24,666,20.20000076,27.48999977,2.893145643,9.600000381,8,48.734445269338,0.00357622007066964,-11.7095635771632
438,15.17720032,0,18.10000038,"no",0.74000001,37.84710338,100,1.914199948,24,666,20.20000076,9.319999695,3.275256187,8.699999809,8,48.734445269338,0.00357622007066964,-11.7095635771632
439,13.67809963,0,18.10000038,"no",0.74000001,35.22422432,87.90000153,1.820600033,24,666,20.20000076,68.94999695,3.5269486,8.399999619,8,48.734445269338,0.00357622007066964,-11.7095635771632
440,9.390629768,0,18.10000038,"no",0.74000001,31.66312737,93.90000153,1.817199945,24,666,20.20000076,396.8999939,3.13026313,12.80000019,8,48.734445269338,0.00357622007066964,-11.7095635771632
441,22.05109978,0,18.10000038,"no",0.74000001,33.84912214,92.40000153,1.86619997,24,666,20.20000076,391.4500122,3.096030022,10.5,8,48.734445269338,0.00357622007066964,-11.7095635771632
442,9.724180222,0,18.10000038,"no",0.74000001,41.03683776,97.19999695,2.065099955,24,666,20.20000076,385.9599915,2.971439605,17.10000038,8,48.734445269338,0.00357622007066964,-11.7095635771632
443,5.666369915,0,18.10000038,"no",0.74000001,38.6759593,100,2.004800081,24,666,20.20000076,395.6900024,2.808800113,18.39999962,8,48.734445269338,0.00357622007066964,-11.7095635771632
444,9.966540337,0,18.10000038,"no",0.74000001,42.05522674,100,1.978399992,24,666,20.20000076,386.730011,2.936512934,15.39999962,8,48.734445269338,0.00357622007066964,-11.7095635771632
445,12.80230045,0,18.10000038,"no",0.74000001,34.26931708,96.59999847,1.895599961,24,666,20.20000076,240.5200043,3.169265363,10.80000019,8,48.734445269338,0.00357622007066964,-11.7095635771632
446,10.67179966,0,18.10000038,"no",0.74000001,41.71868243,94.80000305,1.987900019,24,666,20.20000076,43.06000137,3.17722013,11.80000019,8,48.734445269338,0.00357622007066964,-11.7095635771632
447,6.288070202,0,18.10000038,"no",0.74000001,40.20828201,96.40000153,2.072000027,24,666,20.20000076,318.0100098,2.878636553,14.89999962,8,48.734445269338,0.00357622007066964,-11.7095635771632
448,9.924850464,0,18.10000038,"no",0.74000001,39.0750001,96.59999847,2.197999954,24,666,20.20000076,388.519989,2.799717422,12.60000038,8,48.734445269338,0.00357622007066964,-11.7095635771632
449,9.329090118,0,18.10000038,"no",0.713,38.25422429,98.69999695,2.261600018,24,666,20.20000076,396.8999939,2.897567978,14.10000038,8,48.734445269338,0.00357622007066964,-11.7095635771632
450,7.526010036,0,18.10000038,"no",0.713,41.17788665,98.30000305,2.184999943,24,666,20.20000076,304.2099915,2.960623069,13,8,48.734445269338,0.00357622007066964,-11.7095635771632
451,6.717720032,0,18.10000038,"no",0.713,45.54900197,92.59999847,2.323600054,24,666,20.20000076,0.319999993,2.858766449,13.39999962,8,48.734445269338,0.00357622007066964,-11.7095635771632
452,5.441140175,0,18.10000038,"no",0.713,44.2890278,98.19999695,2.355200052,24,666,20.20000076,355.2900085,2.875258094,15.19999981,8,48.734445269338,0.00357622007066964,-11.7095635771632
453,5.090169907,0,18.10000038,"no",0.713,39.65220813,91.80000305,2.368200064,24,666,20.20000076,385.0899963,2.848970919,16.10000038,8,48.734445269338,0.00357622007066964,-11.7095635771632
454,8.24808979,0,18.10000038,"no",0.713,54.65645086,99.30000305,2.4526999,24,666,20.20000076,375.8699951,2.817801051,17.79999924,8,48.734445269338,0.00357622007066964,-11.7095635771632
455,9.513629913,0,18.10000038,"no",0.713,45.26598621,94.09999847,2.496099949,24,666,20.20000076,6.679999828,2.929058091,14.89999962,8,48.734445269338,0.00357622007066964,-11.7095635771632
456,4.752369881,0,18.10000038,"no",0.713,42.57562624,86.5,2.435800076,24,666,20.20000076,50.91999817,2.897567978,14.10000038,8,48.734445269338,0.00357622007066964,-11.7095635771632
457,4.668829918,0,18.10000038,"no",0.713,35.71257399,87.90000153,2.580600023,24,666,20.20000076,10.47999954,2.944965169,12.69999981,8,48.734445269338,0.00357622007066964,-11.7095635771632
458,8.200579643,0,18.10000038,"no",0.713,35.23609446,80.30000305,2.779200077,24,666,20.20000076,3.5,2.829677721,13.5,8,48.734445269338,0.00357622007066964,-11.7095635771632
459,7.752230167,0,18.10000038,"no",0.713,39.70260249,83.69999695,2.78309989,24,666,20.20000076,272.2099915,2.786861353,14.89999962,8,48.734445269338,0.00357622007066964,-11.7095635771632
460,6.801169872,0,18.10000038,"no",0.713,36.97855919,84.40000153,2.717499971,24,666,20.20000076,396.8999939,2.687847481,20,8,48.734445269338,0.00357622007066964,-11.7095635771632
461,4.812129974,0,18.10000038,"no",0.713,44.90340387,90,2.597500086,24,666,20.20000076,255.2299957,2.798500109,16.39999962,8,48.734445269338,0.00357622007066964,-11.7095635771632
462,3.693109989,0,18.10000038,"no",0.713,40.65337508,88.40000153,2.567100048,24,666,20.20000076,391.4299927,2.68444031,17.70000076,8,48.734445269338,0.00357622007066964,-11.7095635771632
463,6.654920101,0,18.10000038,"no",0.713,39.90448789,83,2.734400034,24,666,20.20000076,396.8999939,2.638342772,19.5,8,48.734445269338,0.00357622007066964,-11.7095635771632
464,5.821149826,0,18.10000038,"no",0.713,42.41916914,89.90000153,2.801599979,24,666,20.20000076,393.8200073,2.331172546,20.20000076,8,48.734445269338,0.00357622007066964,-11.7095635771632
465,7.839320183,0,18.10000038,"no",0.654999971,38.55168238,65.40000153,2.963399887,24,666,20.20000076,396.8999939,2.581730855,21.39999962,8,48.734445269338,0.00357622007066964,-11.7095635771632
466,3.163599968,0,18.10000038,"no",0.654999971,33.16607898,48.20000076,3.066499949,24,666,20.20000076,334.3999939,2.648300204,19.89999962,8,48.734445269338,0.00357622007066964,-11.7095635771632
467,3.774980068,0,18.10000038,"no",0.654999971,35.42630568,84.69999695,2.871500015,24,666,20.20000076,22.01000023,2.841998151,19,8,48.734445269338,0.00357622007066964,-11.7095635771632
468,4.422279835,0,18.10000038,"no",0.583999991,36.03600639,94.5,2.540299892,24,666,20.20000076,331.2900085,3.059645585,19.10000038,8,48.734445269338,0.00357622007066964,-11.7095635771632
469,15.57569981,0,18.10000038,"no",0.579999983,35.1174774,71,2.908400059,24,666,20.20000076,368.7399902,2.897567978,19.10000038,8,48.734445269338,0.00357622007066964,-11.7095635771632
470,13.07509995,0,18.10000038,"no",0.579999983,32.63836695,56.70000076,2.823699951,24,666,20.20000076,396.8999939,2.691920835,20.10000038,8,48.734445269338,0.00357622007066964,-11.7095635771632
471,4.348790169,0,18.10000038,"no",0.579999983,38.03188674,84,3.033400059,24,666,20.20000076,396.8999939,2.790551479,19.89999962,8,48.734445269338,0.00357622007066964,-11.7095635771632
472,4.038410187,0,18.10000038,"no",0.532000005,38.80044215,90.69999695,3.099299908,24,666,20.20000076,395.3299866,2.554899013,19.60000038,8,48.734445269338,0.00357622007066964,-11.7095635771632
473,3.568680048,0,18.10000038,"no",0.579999983,41.4349664,75,2.896500111,24,666,20.20000076,393.3699951,2.66444654,23.20000076,8,48.734445269338,0.00357622007066964,-11.7095635771632
474,4.646890163,0,18.10000038,"no",0.614000022,48.72040027,67.59999847,2.532900095,24,666,20.20000076,374.6799927,2.456164168,29.79999924,8,48.734445269338,0.00357622007066964,-11.7095635771632
475,8.055789948,0,18.10000038,"no",0.583999991,29.4523295,95.40000153,2.429800034,24,666,20.20000076,352.5799866,2.898119411,13.80000019,8,48.734445269338,0.00357622007066964,-11.7095635771632
476,6.393119812,0,18.10000038,"no",0.583999991,37.97024621,97.40000153,2.20600009,24,666,20.20000076,302.7600098,3.182211856,13.30000019,8,48.734445269338,0.00357622007066964,-11.7095635771632
477,4.871409893,0,18.10000038,"no",0.614000022,42.04225867,93.59999847,2.305299997,24,666,20.20000076,396.2099915,2.927453449,16.70000076,8,48.734445269338,0.00357622007066964,-11.7095635771632
478,15.02340031,0,18.10000038,"no",0.614000022,28.13241495,97.30000305,2.100699902,24,666,20.20000076,349.480011,3.215269323,12,8,48.734445269338,0.00357622007066964,-11.7095635771632
479,10.2329998,0,18.10000038,"no",0.614000022,38.25422429,96.69999695,2.17050004,24,666,20.20000076,379.7000122,2.892037075,14.60000038,8,48.734445269338,0.00357622007066964,-11.7095635771632
480,14.33370018,0,18.10000038,"no",0.614000022,38.80044215,88,1.951200008,24,666,20.20000076,383.3200073,2.573375272,21.39999962,8,48.734445269338,0.00357622007066964,-11.7095635771632
481,5.824009895,0,18.10000038,"no",0.532000005,38.96256529,64.69999695,3.424200058,24,666,20.20000076,396.8999939,2.373975068,23,8,48.734445269338,0.00357622007066964,-11.7095635771632
482,5.708179951,0,18.10000038,"no",0.532000005,45.5625,74.90000153,3.331700087,24,666,20.20000076,393.0700073,2.046401658,23.70000076,8,48.734445269338,0.00357622007066964,-11.7095635771632
483,5.731160164,0,18.10000038,"no",0.532000005,49.85771916,77,3.410599947,24,666,20.20000076,395.2799988,1.947337734,25,8,48.734445269338,0.00357622007066964,-11.7095635771632
484,2.818380117,0,18.10000038,"no",0.532000005,33.20064497,40.29999924,4.09829998,24,666,20.20000076,392.9200134,2.343727044,21.79999924,8,48.734445269338,0.00357622007066964,-11.7095635771632
485,2.37857008,0,18.10000038,"no",0.583000004,34.4686388,41.90000153,3.723999977,24,666,20.20000076,370.730011,2.590767052,20.60000038,8,48.734445269338,0.00357622007066964,-11.7095635771632
486,3.673670053,0,18.10000038,"no",0.583000004,39.84134145,51.90000153,3.991699934,24,666,20.20000076,388.6199951,2.358965419,21.20000076,8,48.734445269338,0.00357622007066964,-11.7095635771632
487,5.69175005,0,18.10000038,"no",0.583000004,37.38099409,79.80000305,3.545900106,24,666,20.20000076,392.6799927,2.706715947,19.10000038,8,48.734445269338,0.00357622007066964,-11.7095635771632
488,4.835669994,0,18.10000038,"no",0.583000004,34.86902748,53.20000076,3.152299881,24,666,20.20000076,388.2200012,2.437989713,20.60000038,8,48.734445269338,0.00357622007066964,-11.7095635771632
489,0.150859997,0,27.73999977,"no",0.609000027,29.74611596,92.69999695,1.820899963,4,711,20.10000038,395.0899963,2.893699519,15.19999981,8,48.734445269338,0.00357622007066964,-11.7095635771632
490,0.183369994,0,27.73999977,"no",0.609000027,29.31139637,98.30000305,1.755399942,4,711,20.10000038,344.0499878,3.17680302,7,8,48.734445269338,0.00357622007066964,-11.7095635771632
491,0.207460001,0,27.73999977,"no",0.609000027,25.93864834,98,1.822600007,4,711,20.10000038,318.4299927,3.390473429,8.100000381,8,48.734445269338,0.00357622007066964,-11.7095635771632
492,0.105740003,0,27.73999977,"no",0.609000027,35.79628663,98.80000305,1.868100047,4,711,20.10000038,390.1099854,2.894253087,13.60000038,8,48.734445269338,0.00357622007066964,-11.7095635771632
493,0.111319996,0,27.73999977,"no",0.609000027,35.79628663,83.5,2.109899998,4,711,20.10000038,396.8999939,2.591516413,20.10000038,8,48.734445269338,0.00357622007066964,-11.7095635771632
494,0.173309997,0,9.68999958,"no",0.584999979,32.56984648,54,2.381700039,6,391,19.20000076,396.8999939,2.485739655,21.79999924,8,48.734445269338,0.00357622007066964,-11.7095635771632
495,0.279570013,0,9.68999958,"no",0.584999979,35.1174774,42.59999847,2.381700039,6,391,19.20000076,396.8999939,2.609334239,24.5,8,48.734445269338,0.00357622007066964,-11.7095635771632
496,0.178990006,0,9.68999958,"no",0.584999979,32.14890086,28.79999924,2.798599958,6,391,19.20000076,393.2900085,2.867898924,23.10000038,8,48.734445269338,0.00357622007066964,-11.7095635771632
497,0.289600015,0,9.68999958,"no",0.584999979,29.05209856,72.90000153,2.798599958,6,391,19.20000076,396.8999939,3.051166952,19.70000076,8,48.734445269338,0.00357622007066964,-11.7095635771632
498,0.268379986,0,9.68999958,"no",0.584999979,33.57043773,70.59999847,2.892699957,6,391,19.20000076,396.8999939,2.646174824,18.29999924,8,48.734445269338,0.00357622007066964,-11.7095635771632
499,0.239120007,0,9.68999958,"no",0.584999979,36.22836164,65.30000305,2.409100056,6,391,19.20000076,396.8999939,2.558776505,21.20000076,8,48.734445269338,0.00357622007066964,-11.7095635771632
500,0.177829996,0,9.68999958,"no",0.584999979,31.0137584,73.5,2.39989996,6,391,19.20000076,395.769989,2.714694769,17.5,8,48.734445269338,0.00357622007066964,-11.7095635771632
501,0.224380001,0,9.68999958,"no",0.584999979,36.3247284,79.69999695,2.49819994,6,391,19.20000076,396.8999939,2.662355236,16.79999924,8,48.734445269338,0.00357622007066964,-11.7095635771632
502,0.062629998,0,11.93000031,"no",0.573000014,43.46764814,69.09999847,2.478600025,1,273,21,391.9899902,2.269028317,22.39999962,8,48.734445269338,0.00357622007066964,-11.7095635771632
503,0.04527,0,11.93000031,"no",0.573000014,37.4543986,76.69999695,2.287499905,1,273,21,396.8999939,2.206074184,20.60000038,8,48.734445269338,0.00357622007066964,-11.7095635771632
504,0.060759999,0,11.93000031,"no",0.573000014,48.66457366,91,2.167500019,1,273,21,396.8999939,1.729884042,23.89999962,8,48.734445269338,0.00357622007066964,-11.7095635771632
505,0.109590001,0,11.93000031,"no",0.573000014,46.15843802,89.30000305,2.388900042,1,273,21,393.4500122,1.868720513,22,8,48.734445269338,0.00357622007066964,-11.7095635771632
506,0.04741,0,11.93000031,"no",0.573000014,36.36090253,80.80000305,2.505000114,1,273,21,396.8999939,2.064327918,11.89999962,8,48.734445269338,0.00357622007066964,-11.7095635771632
